DATE_EFFECTIVE_START,DATE_EFFECTIVE_END_ORIGINAL,DATE_EFFECTIVE_END_ACTUAL,DATE_PUBLISHED,DIRECTION_NAME,DIRECTION_ALTERNATE_NAME,CATEGORY,REVOKED_BY,AMENDED_BY,URL
18/03/2020 01:48:00 PM,15/06/2022 11:59:00 PM,22/03/2020 03:18:00 PM,18/03/2020 01:48:00 PM,COVID-19 Directions (No. 1) 2020,Directions to prohibit non-essential large gatherings and Directions for self-quarantine following overseas travel,Restrictions,"COVID-19 Directions (No. 4) 2020 (partial), COVID-19 Directions (No. 3) 2020 (full), COVID-19 Directions (No. 8) 2020 (full)",,https://health.nt.gov.au/__data/assets/pdf_file/0005/806837/CHO-Directions-No-1-SIGNED.PDF
22/03/2020 03:20:00 PM,15/06/2022 11:59:00 PM,23/04/2020 05:00:00 PM,22/03/2020 03:20:00 PM,COVID-19 Directions (No. 2) 2020,Directions for Aged Care Facilities,Aged Care,COVID-19 Directions (No. 24) 2020,,https://health.nt.gov.au/__data/assets/pdf_file/0009/806841/CHO-Directions-No2-Aged-Care-Facilities-SIGNED.pdf
24/03/2020 04:00:00 PM,15/06/2022 11:59:00 PM,24/03/2020 04:00:00 PM,23/03/2020 03:09:00 PM,COVID-19 Directions (No. 3) 2020,Directions for Territory Border Restrictions,Border,COVID-19 Directions (No. 8) 2020,,https://health.nt.gov.au/__data/assets/pdf_file/0005/806873/CHO-Directions-No3-Territory-Border-Restrictions-SIGNED.pdf
22/03/2020 03:18:00 PM,15/06/2022 11:59:00 PM,30/03/2020 12:00:00 AM,22/03/2020 03:18:00 PM,COVID-19 Directions (No. 4) 2020,Directions for Gatherings,Restrictions,COVID-19 Directions (No. 14) 2020,,https://health.nt.gov.au/__data/assets/pdf_file/0006/806838/CHO-Directions-No-4-Gatherings-SIGNED.pdf
22/03/2020 03:21:00 PM,15/06/2022 11:59:00 PM,15/06/2022 11:59:00 PM,22/03/2020 03:21:00 PM,COVID-19 Directions (No. 5) 2020,Direction for Assistance of Police Officers,Other,Post-emergency COVID-19 Directions (No. 2) 2022,,https://health.nt.gov.au/__data/assets/pdf_file/0007/806839/CHO-Directions-No-5-Assistance-of-Police-Officers-SIGNED.pdf
23/03/2020 02:00:00 PM,21/04/2020 12:00:00 AM,24/03/2020 04:00:00 PM,23/03/2020 01:58:00 PM,COVID-19 Directions (No. 6) 2020 ,Directions for Closure of Certain Businesses to the Public and to Cease Certain Business and Other Activities ,Business Closure,COVID-19 Directions (No. 9) 2020,,https://health.nt.gov.au/__data/assets/pdf_file/0008/806840/CHO-Directions-No-6-Closure-of-certain-businesses-and-cease-certain-businesses-SIGNED.pdf
28/03/2020 12:24:00 PM,15/06/2022 11:59:00 PM,06/01/2022 07:48:00 PM,28/03/2020 12:24:00 PM,COVID-19 Directions (No. 7) 2020 ,Directions for Infected Persons,Border,COVID-19 Directions (No. 4) 2022,,https://health.nt.gov.au/__data/assets/pdf_file/0011/809246/CHO-Directions-No-7-Directions-for-Infected-Persons-SIGNED.pdf
24/03/2020 04:00:00 PM,15/06/2022 11:59:00 PM,28/03/2020 04:14:00 PM,24/03/2020 12:42:00 PM,COVID-19 Directions (No. 8) 2020 ,Directions for Territory Border Restrictions,Border,COVID-19 Directions (No. 13) 2020,COVID-19 Directions (No. 11) 2020,https://health.nt.gov.au/__data/assets/pdf_file/0009/806976/cho-directions-signed-nr8.pdf
24/03/2020 04:00:00 PM,21/04/2020 12:00:00 AM,30/03/2020 12:00:00 AM,24/03/2020 03:44:00 PM,COVID-19 Directions (No. 9) 2020,Directions for Closure of Certain Businesses to the Public and to Cease Certain Business and Other Activities ,Business Closure,COVID-19 Directions (No. 15) 2020,,https://health.nt.gov.au/__data/assets/pdf_file/0006/807531/cho-directions-no-9-directions-for-closure-of-certain-businesses-to-the-public-and-to-cease-certain-business-and-other-activities.pdf
25/03/2020 12:00:00 AM,21/04/2020 12:00:00 AM,30/03/2020 12:00:00 AM,25/03/2020 09:11:00 PM,COVID-19 Directions (No. 10) 2020,"Directions for Further Closure and Cessation of Public Places, Services and Activities",Business Closure,"COVID-19 Directions (No. 14) 2020 (partial), COVID-19 Directions (No. 15) 2020 (full)",,https://health.nt.gov.au/__data/assets/pdf_file/0004/809032/cho-directions-no-10-signed.pdf
25/03/2020 09:08:00 PM,25/03/2020 09:08:00 PM,25/03/2020 09:08:00 PM,25/03/2020 09:08:00 PM,COVID-19 Directions (No. 11) 2020,Directions for Territory Border Restrictions,Border,,,https://health.nt.gov.au/__data/assets/pdf_file/0005/809033/cho-directions-no-11-signed.pdf
27/03/2020 01:09:00 PM,27/03/2020 01:09:00 PM,27/03/2020 01:09:00 PM,27/03/2020 01:09:00 PM,COVID-19 Directions (No. 12) 2020,Amendment to COVID-19 Directions (No. 10) 2020,Business Closure,COVID-19 Directions (No. 15) 2020,,https://health.nt.gov.au/__data/assets/pdf_file/0006/809034/cho-directions-no-12-signed.pdf
28/03/2020 04:14:00 PM,15/06/2022 11:59:00 PM,01/04/2020 11:59:00 PM,28/03/2020 04:14:00 PM,COVID-19 Directions (No. 13) 2020,Directions for Territory Border Restrictions,Border,COVID-19 Directions (No. 16) 2020,,https://health.nt.gov.au/__data/assets/pdf_file/0003/809247/CHO-Directions-No-13-Directions-for-Territory-Border-Restrictions-SIGNED.pdf
30/03/2020 12:00:00 AM,21/04/2020 12:00:00 AM,20/04/2020 11:59:00 PM,30/03/2020 07:33:00 PM,COVID-19 Directions (No. 14) 2020,Directions for Gatherings,Restrictions,COVID-19 Directions (No. 23) 2020,,https://health.nt.gov.au/__data/assets/pdf_file/0007/809953/cho-direction-14-gatherings.pdf
30/03/2020 12:00:00 AM,21/04/2020 12:00:00 AM,02/04/2020 05:00:00 PM,30/03/2020 07:32:00 PM,COVID-19 Directions (No. 15) 2020,"Directions to Close Public Places, Services and Activities",Business Closure,COVID-19 Directions (No. 17) 2020,,https://health.nt.gov.au/__data/assets/pdf_file/0009/809955/cho-direction-15-close-public-places-services-activities.pdf
01/04/2020 11:59:00 PM,15/06/2022 11:59:00 PM,09/04/2020 11:59:00 PM,01/04/2020 08:45:00 PM,COVID-19 Directions (No. 16) 2020,Directions for Territory Border Restrictions,Border,COVID-19 Directions (No. 19) 2020,,https://health.nt.gov.au/__data/assets/pdf_file/0008/810872/cho-directions-no-16-territory-border-restrictions.pdf
02/04/2020 05:00:00 PM,21/04/2020 12:00:00 AM,05/04/2020 11:59:00 PM,02/04/2020 03:17:00 PM,COVID-19 Directions (No. 17) 2020,"Directions to Close Public Places, Services and Activities",Business Closure,COVID-19 Directions (No. 18) 2020,,https://health.nt.gov.au/__data/assets/pdf_file/0016/811033/cho-directions-no-17-close-public-places-services-activities.pdf
05/04/2020 11:59:00 PM,21/04/2020 12:00:00 AM,15/04/2020 11:59:00 PM,05/04/2020 10:54:00 AM,COVID-19 Directions (No. 18) 2020,"Directions to Close Public Places, Services and Activities",Business Closure,"COVID-19 Directions (No. 20) 2020, COVID-19 Directions (No. 4) 2022",,"https://health.nt.gov.au/__data/assets/pdf_file/0019/812305/CHO-Directions-No-18-Directions-to-close-public-places,-services-and-activities-SIGNED.pdf"
09/04/2020 11:59:00 PM,15/06/2022 11:59:00 PM,17/04/2020 11:59:00 PM,09/04/2020 05:45:00 PM,COVID-19 Directions (No. 19) 2020,Directions for Territory Border Restrictions,Border,COVID-19 Directions (No. 22) 2020,,https://health.nt.gov.au/__data/assets/pdf_file/0011/813638/cho-directions-no-19-directions-for-territory-border-restrictions.pdf
15/04/2020 11:59:00 PM,15/06/2022 11:59:00 PM,01/05/2020 12:00:00 PM,15/04/2020 06:12:00 PM,COVID-19 Directions (No. 20) 2020,"Directions to Close Public Places, Services and Activities",Business Closure,COVID-19 Directions (No. 26) 2020,,https://health.nt.gov.au/__data/assets/pdf_file/0007/814588/cho-directions-no-20-directions-to-close-public-places-services-activities.pdf
16/04/2020 11:59:00 PM,15/06/2022 11:59:00 PM,06/01/2022 07:48:00 PM,16/04/2020 06:35:00 PM,COVID-19 Directions (No. 21) 2020,Directions for Potentially Infected Persons ,Other,COVID-19 Directions (No. 4) 2022,,https://health.nt.gov.au/__data/assets/pdf_file/0006/814848/cho-directions-no21-directions-for-potentially-infected-persons.pdf
17/04/2020 11:59:00 PM,15/06/2022 11:59:00 PM,21/05/2020 12:00:00 PM,17/04/2020 05:53:00 PM,COVID-19 Directions (No. 22) 2020,Directions for Territory Border Restrictions,Border,COVID-19 Directions (No. 32) 2020,COVID-19 Directions (No. 27) 2020,https://health.nt.gov.au/__data/assets/pdf_file/0004/819670/cho-22-directions-directions-for-territory-border-restrictions.pdf
20/04/2020 11:59:00 PM,15/06/2022 11:59:00 PM,01/05/2020 12:00:00 PM,20/04/2020 05:31:00 PM,COVID-19 Directions (No. 23) 2020,Directions for Gatherings,Restrictions,COVID-19 Directions (No. 25) 2020,,https://health.nt.gov.au/__data/assets/pdf_file/0004/815557/cho-direction-23-gatherings.pdf
23/04/2020 05:00:00 PM,15/06/2022 11:59:00 PM,24/06/2020 11:42:00 AM,23/04/2020 03:31:00 PM,COVID-19 Directions (No. 24) 2020,Directions for Aged Care Facilities,Aged Care,COVID-19 Directions (No. 40) 2020,,https://health.nt.gov.au/__data/assets/pdf_file/0007/816406/cho-directions-no-24-directions-for-aged-care-facilities.pdf
01/05/2020 12:00:00 PM,01/05/2020 12:00:00 PM,01/05/2020 12:00:00 PM,01/05/2020 11:43:00 AM,COVID-19 Directions (No. 25) 2020,Revocation of Directions for Gatherings,Restrictions,,,https://health.nt.gov.au/__data/assets/pdf_file/0004/819463/cho-directions-no-25-revocation-directions-gatherings.pdf
01/05/2020 12:00:00 PM,15/06/2022 11:59:00 PM,01/05/2020 11:59:00 PM,01/05/2020 11:46:00 AM,COVID-19 Directions (No. 26) 2020,"Directions to Close Public Places, Services and Activities",Business Closure,COVID-19 Directions (No. 28) 2020,,https://health.nt.gov.au/__data/assets/pdf_file/0010/819469/cho-directions-no-26-directions-to-close-public-places-services-activities.pdf
01/05/2020 08:48:00 AM,01/05/2020 08:48:00 AM,01/05/2020 08:48:00 AM,01/05/2020 08:48:00 AM,COVID-19 Directions (No. 27) 2020,Amendment to COVID-19 Directions No. 22,Border,COVID-19 Directions (No. 32) 2020,,https://health.nt.gov.au/__data/assets/pdf_file/0009/819558/cho-directions-no-27-directions-for-temporary-border-restrictions.pdf
01/05/2020 11:59:00 PM,15/06/2022 11:59:00 PM,15/05/2020 12:00:00 PM,01/05/2020 08:36:00 PM,COVID-19 Directions (No. 28) 2020,"Directions to Close Public Places, Services and Activities",Business Closure,COVID-19 Directions (No. 30) 2020,,https://health.nt.gov.au/__data/assets/pdf_file/0010/819559/cho-directions-no-28-directions-to-close-public-places-services-and-activities.pdf
01/05/2020 11:59:00 PM,15/06/2022 11:59:00 PM,11/06/2020 05:38:00 PM,01/05/2020 09:08:00 PM,COVID-19 Directions (No. 29) 2020,Directions for Physical Distancing,Other,COVID-19 Directions (No. 37) 2020,,https://health.nt.gov.au/__data/assets/pdf_file/0011/819560/cho-directions-no-29-directions-for-physical-distancing.pdf
15/05/2020 12:00:00 PM,15/06/2022 11:59:00 PM,21/05/2020 04:00:00 PM,15/05/2020 11:40:00 AM,COVID-19 Directions (No. 30) 2020,"Directions to Close Certain Places, Businesses, Activities and Services and Directions for Safety Measures at Reopened Places, Businesses, Activities and Services",Business Closure,COVID-19 Directions (No. 33) 2020,,https://health.nt.gov.au/__data/assets/pdf_file/0011/883334/cho-directions-no-30-directions-to-close-certain-places-businesses-activities-services-directions.pdf
21/05/2020 12:00:00 PM,15/06/2022 11:59:00 PM,26/06/2020 09:37:00 AM,21/05/2020 11:55:00 AM,COVID-19 Directions (No. 31) 2020,Commercial Vessels – Crew Directions,Other,COVID-19 Directions (No. 42) 2020,,https://health.nt.gov.au/__data/assets/pdf_file/0007/885121/cho-directions-no31-commercial-vessels.pdf
21/05/2020 12:00:00 PM,15/06/2022 11:59:00 PM,15/06/2020 12:01:00 AM,21/05/2020 11:55:00 AM,COVID-19 Directions (No. 32) 2020,Directions for Territory Border Restrictions,Border,COVID-19 Directions (No. 38) 2020,,https://health.nt.gov.au/__data/assets/pdf_file/0009/885123/cho-directions-no32-directions-territory-border-restrictions.pdf
21/05/2020 04:00:00 PM,15/06/2022 11:59:00 PM,22/05/2020 04:00:00 PM,21/05/2020 03:45:00 PM,COVID-19 Directions (No. 33) 2020,"Directions to Close Certain Businesses, Places, Activities and Services and Directions for Safety Measures at Reopened Businesses, Places, Activities and Services ",Business Closure,COVID-19 Directions (No. 35) 2020,COVID-19 Directions (No. 34) 2020,https://health.nt.gov.au/__data/assets/pdf_file/0009/885411/cho-directions-no33-directions-to-close.pdf
22/05/2020 08:05:00 AM,22/05/2020 08:05:00 AM,22/05/2020 08:05:00 AM,22/05/2020 08:05:00 AM,COVID-19 Directions (No. 34) 2020,Amendment to COVID-19 Directions No. 33,Business Closure,COVID-19 Directions (No. 35) 2020,,https://health.nt.gov.au/__data/assets/pdf_file/0006/885408/cho-directions-no34-amendment-covid-19-directions-no33.pdf
22/05/2020 04:00:00 PM,15/06/2022 11:59:00 PM,05/06/2020 12:00:00 PM,22/05/2020 03:56:00 PM,COVID-19 Directions (No. 35) 2020,"Directions to Close Certain Places, Businesses, Activities and Services and Directions for Safety Measures at Reopened Places, Businesses, Activities and Services",Business Closure,COVID-19 Directions (No. 36) 2020,,https://health.nt.gov.au/__data/assets/pdf_file/0007/885526/cho-directions-no-35-directions-to-close.pdf
05/06/2020 12:00:00 PM,15/06/2022 11:59:00 PM,30/11/2020 12:01:00 AM,04/06/2020 06:05:00 PM,COVID-19 Directions (No. 36) 2020,"Directions for Safety Measures at Reopened Places, Businesses, Activities, Services and Premises",Other,COVID-19 Directions (No. 56) 2020,,https://health.nt.gov.au/__data/assets/pdf_file/0004/888367/cho-directions-no-36.pdf
11/06/2020 05:38:00 PM,11/06/2020 05:38:00 PM,11/06/2020 05:38:00 PM,11/06/2020 05:38:00 PM,COVID-19 Directions (No. 37) 2020,Revocation of Directions for Physical Distancing,Other,,,https://health.nt.gov.au/__data/assets/pdf_file/0007/889684/cho-directions-no-37-revocation-directions-physical-distancing.pdf
15/06/2020 12:01:00 AM,15/06/2022 11:59:00 PM,17/07/2020 12:01:00 AM,12/06/2020 06:13:00 PM,COVID-19 Directions (No. 38) 2020,Directions for Territory Border Restrictions,Border,"COVID-19 Directions (No. 44) 2020, COVID-19 Directions (No. 45) 2020","COVID-19 Directions (No. 41) 2020, COVID-19 Directions (No. 43) 2020",https://health.nt.gov.au/__data/assets/pdf_file/0007/889963/cho-directions-no-38-directons-for-territory-border-restrictions.pdf
19/06/2020 06:17:00 PM,15/06/2022 11:59:00 PM,30/11/2020 12:01:00 AM,19/06/2020 06:17:00 PM,COVID-19 Directions (No. 39) 2020,Directions for Major Public Events,Other,COVID-19 Directions (No. 57) 2020,,https://health.nt.gov.au/__data/assets/pdf_file/0008/897443/cho-directions-no-39-directions-major-public-events.pdf
24/06/2020 11:42:00 AM,15/06/2022 11:59:00 PM,03/06/2021 02:34:00 PM,24/06/2020 11:42:00 AM,COVID-19 Directions (No. 40) 2020,Directions for Aged Care Facilities,Aged Care,COVID-19 Directions (No. 7) 2021,,https://health.nt.gov.au/__data/assets/pdf_file/0006/898953/cho-directions-no40-directions-aged-care-facilities.pdf
25/06/2020 12:56:00 PM,25/06/2020 12:00:00 AM,25/06/2020 12:00:00 AM,25/06/2020 12:56:00 PM,COVID-19 Directions (No. 41) 2020,Amendment to COVID-19 Directions (No. 38) 2020,Border,"COVID-19 Directions (No. 44) 2020, COVID-19 Directions (No. 45) 2020",,https://health.nt.gov.au/__data/assets/pdf_file/0004/899410/cho-directions-nr41-amendment-covid-19.pdf
26/06/2020 09:37:00 AM,15/06/2022 11:59:00 PM,17/07/2020 12:01:00 AM,26/06/2020 09:37:00 AM,COVID-19 Directions (No. 42) 2020,Commercial Vessels – Crew Directions,Other,COVID-19 Directions (No. 46) 2020,,https://health.nt.gov.au/__data/assets/pdf_file/0008/899486/cho-directions-nr42-commercial-vessels-crew-directions.pdf
26/06/2020 04:12:00 PM,15/06/2022 11:59:00 PM,17/07/2020 12:01:00 AM,26/06/2020 04:12:00 PM,COVID-19 Directions (No. 43) 2020,Amendment to COVID-19 Directions (No. 38) 2020,Border,"COVID-19 Directions (No. 44) 2020, COVID-19 Directions (No. 45) 2020",,https://health.nt.gov.au/__data/assets/pdf_file/0008/899639/cho-directions-no-43-amendment-covid-19-directions-no-38.pdf
17/07/2020 12:01:00 AM,15/06/2022 11:59:00 PM,17/07/2020 12:01:00 AM,03/07/2020 03:54:00 PM,COVID-19 Directions (No. 44) 2020,Directions for Territory Border Restrictions ,Border,COVID-19 Directions (No. 45) 2020,,https://health.nt.gov.au/__data/assets/pdf_file/0004/902488/cho-directions-no44-directions-for-territory-border-restrictions.pdf
17/07/2020 12:01:00 AM,15/06/2022 11:59:00 PM,24/08/2020 12:00:00 PM,16/07/2020 05:32:00 PM,COVID-19 Directions (No. 45) 2020,Directions for Territory Border Restrictions,Border,COVID-19 Directions (No. 49) 2020,"COVID-19 Directions (No. 47) 2020, COVID-19 Directions (No. 48) 2020",https://health.nt.gov.au/__data/assets/pdf_file/0008/907298/cho-directions-no-45-directions-territory-border-restrictions.pdf
17/07/2020 12:01:00 AM,15/06/2022 11:59:00 PM,28/08/2020 12:00:00 PM,16/07/2020 06:11:00 PM,COVID-19 Directions (No. 46) 2020,Commercial Vessels - Crew Directions,Other,COVID-19 Directions (No. 51) 2020,,https://health.nt.gov.au/__data/assets/pdf_file/0006/907305/cho-directions-no46-commercial-vessels-crew-directions.pdf
23/07/2020 05:35:00 PM,23/07/2020 05:35:00 PM,23/07/2020 05:35:00 PM,23/07/2020 05:35:00 PM,COVID-19 Directions (No. 47) 2020,Amendment to COVID-19 Directions No 45,Border,COVID-19 Directions (No. 49) 2020,,https://health.nt.gov.au/__data/assets/pdf_file/0005/910877/CHO-Directions-No-47-Amendment-to-COVID-19-Directions-No-45-SIGNED.pdf
07/08/2020 04:00:00 PM,07/08/2020 04:00:00 PM,07/08/2020 04:00:00 PM,07/08/2020 03:40:00 PM,COVID-19 Directions (No. 48) 2020,No 48 - Amendment to COVID-19 Directions (No. 45) 2020,Border,COVID-19 Directions (No. 49) 2020,,https://health.nt.gov.au/__data/assets/pdf_file/0009/919017/cho-directions-no-48.pdf
24/08/2020 12:00:00 PM,15/06/2022 11:59:00 PM,05/06/2021 12:01:00 AM,24/08/2020 09:51:00 AM,COVID-19 Directions (No. 49) 2020,Directions for Territory Border Restrictions,Border,COVID-19 Directions (No. 8) 2021,"COVID-19 Directions (No. 50) 2020, COVID-19 Directions (No. 53) 2020, COVID-19 Directions (No. 54) 2020, COVID-19 Directions (No. 60) 2020, COVID-19 Directions (No. 2) 2021",https://health.nt.gov.au/__data/assets/pdf_file/0004/924610/cho-directions-no-49-directions-territory-border-restrictions.pdf
28/08/2020 12:00:00 PM,15/06/2022 11:59:00 PM,05/06/2021 12:01:00 AM,28/08/2020 10:57:00 AM,COVID-19 Directions (No. 50) 2020,Directions for Freight Workers,Other,COVID-19 Directions (No. 8) 2021,,https://health.nt.gov.au/__data/assets/pdf_file/0003/925374/cho-directions-no50-directions-for-freight-workers.pdf
28/08/2020 12:00:00 PM,15/06/2022 11:59:00 PM,17/03/2021 12:01:00 AM,28/08/2020 11:01:00 AM,COVID-19 Directions (No. 51) 2020,Directions for Maritime Crew,Other,COVID-19 Directions (No. 3) 2021,,https://health.nt.gov.au/__data/assets/pdf_file/0007/925378/cho-directions-no51-directions-for-maritime-crew.pdf
12/09/2020 12:01:00 AM,15/06/2022 11:59:00 PM,12/11/2020 10:29:00 AM,11/06/2020 04:05:00 PM,COVID-19 Directions (No. 52) 2020,Directions for Quarantine Facilities,Other,COVID-19 Directions (No. 55) 2020,,https://health.nt.gov.au/__data/assets/pdf_file/0010/928621/cho-directions-no52-directions-for-quarantine-facilities.pdf
02/10/2020 12:01:00 AM,15/06/2022 11:59:00 PM,05/06/2021 12:01:00 AM,01/10/2020 01:40:00 PM,COVID-19 Directions (No. 53) 2020,Amendment to COVID-19 Directions No 49,Border,COVID-19 Directions (No. 8) 2021,,https://health.nt.gov.au/__data/assets/pdf_file/0007/935575/cho-directions-no53-amendment-to-covid19-directions-no49.pdf
16/10/2020 12:01:00 AM,15/06/2022 11:59:00 PM,05/06/2021 12:01:00 AM,15/10/2020 06:23:00 PM,COVID-19 Directions (No. 54) 2020,Amendment to COVID-19 Directions No 49,Border,COVID-19 Directions (No. 8) 2021,,https://health.nt.gov.au/__data/assets/pdf_file/0010/938260/cho-directions-no54-amendment-covid19-directions-nr49.pdf
12/11/2020 10:29:00 AM,15/06/2022 11:59:00 PM,01/09/2021 01:06:00 PM,12/11/2020 10:29:00 AM,COVID-19 Directions (No. 55) 2020,Directions for Quarantine Facilities,Other,COVID-19 Directions (No. 52) 2021,COVID-19 Directions (No. 63) 2020,https://health.nt.gov.au/__data/assets/pdf_file/0009/948150/cho-directions-55-directions-quarantine-facilities.pdf
30/11/2020 12:01:00 AM,15/06/2022 11:59:00 PM,12/07/2021 09:00:00 AM,27/11/2020 03:24:00 PM,COVID-19 Directions (No. 56) 2020,"Safety Measures for Places, Businesses, Activities, Services and Premises",Other,COVID-19 Directions (No. 35) 2021,,https://health.nt.gov.au/__data/assets/pdf_file/0012/951879/cho-directions-no56-safety-measures-places-businesses-activities-services-premises.pdf
30/11/2020 12:01:00 AM,15/06/2022 11:59:00 PM,12/07/2021 09:00:00 AM,27/11/2020 03:25:00 PM,COVID-19 Directions (No. 57) 2020,Directions for Major Public Events,Other,COVID-19 Directions (No. 36) 2021,,https://health.nt.gov.au/__data/assets/pdf_file/0010/951895/cho-directions-no57-directions-major-public-events.pdf
21/12/2020 06:48:00 PM,15/06/2022 11:59:00 PM,05/06/2021 12:01:00 AM,21/12/2020 06:48:00 PM,COVID-19 Directions (No. 60) 2020,Amendment to COVID-19 Directions (No. 49) 2020,Border,COVID-19 Directions (No. 8) 2021,,https://health.nt.gov.au/__data/assets/pdf_file/0010/960463/CHO-Directions-No-60-Amendment-to-COVID-19-Directions-No.49-SIGNED.pdf
19/01/2021 12:01:00 AM,15/06/2022 11:59:00 PM,01/09/2021 01:06:00 PM,18/01/2021 05:06:00 PM,COVID-19 Directions (No. 63) 2020,Amendment to COVID-19 Directions (No. 55) 2020,Other,,,https://health.nt.gov.au/__data/assets/pdf_file/0008/965303/cho-directions-63-amendment-to-covid-19-directions-no55.pdf
20/01/2021 12:01:00 AM,15/06/2022 11:59:00 PM,15/06/2022 11:59:00 PM,19/01/2021 04:17:00 PM,COVID-19 Directions (No. 1) 2021,Wearing Face Masks in Aircraft and Airports,Mask Mandate,Post-emergency COVID-19 Directions (No. 4) 2022,COVID-19 Directions (No. 37) 2021,https://health.nt.gov.au/__data/assets/pdf_file/0009/965628/cho-directions-no1-2021-wearing-face-masks-in-aircraft-and-airports.pdf
20/01/2021 12:01:00 AM,15/06/2022 11:59:00 PM,05/06/2021 12:01:00 AM,19/01/2021 05:23:00 PM,COVID-19 Directions (No. 2) 2021,Amendment to COVID-19 Directions (No. 49) 2020,Border,COVID-19 Directions (No. 8) 2021,,https://health.nt.gov.au/__data/assets/pdf_file/0007/965653/cho-directions-2-2021-amendment-covid-directions-49.pdf
17/03/2021 12:01:00 AM,15/06/2022 11:59:00 PM,03/02/2022 03:45:00 PM,16/03/2021 09:42:00 PM,COVID-19 Directions (No. 3) 2021,Maritime crew,Other,COVID-19 Directions (No. 37) 2022,,https://health.nt.gov.au/__data/assets/pdf_file/0008/983114/cho-directions-no3-2021-maritime-crewpdf.pdf
26/03/2021 12:00:00 PM,15/06/2022 11:59:00 PM,15/04/2021 12:54:00 PM,26/03/2021 11:28:00 AM,COVID-19 Directions (No. 4) 2021,Cruise vessels,Other,COVID-19 Directions (No. 5) 2021,,https://health.nt.gov.au/__data/assets/pdf_file/0012/987177/cho-directions-no4-of-2021-cruise-vessels.pdf
15/04/2021 12:54:00 PM,15/06/2022 11:59:00 PM,12/02/2022 03:35:00 AM,15/04/2021 12:54:00 PM,COVID-19 Directions (No. 5) 2021,Cruise vessels,Other,COVID-19 Directions (No. 40) 2022,,https://health.nt.gov.au/__data/assets/pdf_file/0007/995362/cho-directions-no5-2021.pdf
23/04/2021 12:00:00 PM,15/06/2022 11:59:00 PM,27/06/2021 03:33:00 PM,23/04/2021 11:39:00 PM,COVID-19 Directions (No. 6) 2021,Directions for Quarantine Workers,Other,COVID-19 Directions (No. 12) 2021,,https://health.nt.gov.au/__data/assets/pdf_file/0005/996764/cho-directions-no6-of-2021-directions-quarantine-workers.pdf
03/06/2021 02:34:00 PM,15/06/2022 11:59:00 PM,27/06/2021 03:32:00 PM,03/06/2021 02:34:00 PM,COVID-19 Directions (No. 7) 2021,Directions for Aged Care Facilities,Aged Care,COVID-19 Directions (No. 11) 2021,,https://health.nt.gov.au/__data/assets/pdf_file/0019/1010746/cho-directions-no7of2021-directions-for-aged-care-facilities.pdf
05/06/2021 12:01:00 AM,15/06/2022 11:59:00 PM,22/11/2021 12:01:00 AM,04/06/2021 05:26:00 PM,COVID-19 Directions (No. 8) 2021,Directions for Territory Border Restrictions,Border,COVID-19 Directions (No. 96) 2021,COVID-19 Directions (No. 57) 2021,https://health.nt.gov.au/__data/assets/pdf_file/0011/1010900/cho-directions-no8-2021-directions-territory-border-restrictions.pdf
27/06/2021 01:00:00 PM,15/06/2022 11:59:00 PM,27/06/2021 07:24:00 PM,27/06/2021 01:01:00 PM,COVID-19 Directions (No. 9) 2021,"Directions to lock down Darwin, Palmerston, Litchfield, Wagait, Belyuen and Dundee Beach",Lockdown,COVID-19 Directions (No. 13) 2021,,https://health.nt.gov.au/__data/assets/pdf_file/0015/1019004/cho-directions-no9-2021-directions-lock-down.pdf
27/06/2021 01:00:00 PM,29/06/2021 01:00:00 PM,28/06/2021 07:39:00 PM,27/06/2021 01:02:00 PM,COVID-19 Directions (No. 10) 2021,"Directions to close places, activities and services in Darwin, Palmerston, Litchfield, Waigait, Belyuen and Dundee Beach",Business Closure,COVID-19 Directions (No. 17) 2021,COVID-19 Directions (No. 13) 2021,https://health.nt.gov.au/__data/assets/pdf_file/0016/1019005/cho-directions-nr10-2021-directions-close-places.pdf
27/06/2021 03:32:00 PM,15/06/2022 11:59:00 PM,01/07/2021 07:37:00 PM,27/06/2021 03:32:00 PM,COVID-19 Directions (No. 11) 2021,Directions for Aged Care Facilities,Aged Care,COVID-19 Directions (No. 19) 2021,COVID-19 Directions (No. 15) 2021,https://health.nt.gov.au/__data/assets/pdf_file/0016/1019023/cho-directions-nr11-2021-directions-for-aged-care-facilities.pdf
27/06/2021 03:33:00 PM,15/06/2022 11:59:00 PM,04/10/2021 05:16:00 PM,27/06/2021 03:33:00 PM,COVID-19 Directions (No. 12) 2021,Directions for Quarantine Workers,Other,COVID-19 Directions (No. 53) 2021,,https://health.nt.gov.au/__data/assets/pdf_file/0017/1019024/cho-directions-nr12-2021-directions-for-quarantine-workers.pdf
27/06/2021 07:24:00 PM,29/06/2021 01:00:00 PM,28/06/2021 07:40:00 PM,27/06/2021 07:24:00 PM,COVID-19 Directions (No. 13) 2021,Directions to lock down Darwin and surrounding areas of the Territory,Lockdown,COVID-19 Directions (No. 16) 2021,,https://health.nt.gov.au/__data/assets/pdf_file/0004/1019038/CHO-Directions-No.13-of-2021-Directions-to-lock-down-Darwin-and-surrounding-areas-of-the-Territory-SIGNED.pdf
27/06/2021 05:56:00 PM,15/06/2022 11:59:00 PM,02/07/2021 01:00:00 PM,27/06/2021 05:56:00 PM,COVID-19 Directions (No. 14) 2021,Directions to require evidence of medical reasons not to wear a face mask,Mask Mandate,COVID-19 Directions (No. 26) 2021,,https://health.nt.gov.au/__data/assets/pdf_file/0018/1019034/cho-directions-nr14-2021-evidence-of-medical-reasons-not-to-wear-a-face-mask.pdf
27/06/2021 06:08:00 PM,27/06/2021 06:08:00 PM,27/06/2021 06:08:00 PM,27/06/2021 06:08:00 PM,COVID-19 Directions (No. 15) 2021,Amendment to Directions No. 11 (Aged Care Facilities),Aged Care,COVID-19 Directions (No. 19) 2021,,https://health.nt.gov.au/__data/assets/pdf_file/0015/1019040/CHO-Directions-No.15-of-2021-Amendment-to-Directions-No.11-SIGNED.pdf
28/06/2021 07:40:00 PM,02/07/2021 01:00:00 PM,01/07/2021 06:43:00 PM,28/06/2021 07:40:00 PM,COVID-19 Directions (No. 16) 2021,Directions to lock down Darwin and surrounding areas of the Territory,Lockdown,COVID-19 Directions (No. 25) 2021,COVID-19 Directions (No. 20) 2021,https://health.nt.gov.au/__data/assets/pdf_file/0019/1019242/cho-directions-no16of2021.pdf
28/06/2021 07:39:00 PM,02/07/2021 01:00:00 PM,02/07/2021 01:00:00 PM,28/06/2021 07:39:00 PM,COVID-19 Directions (No. 17) 2021,"Directions to close places, activities and services in Darwin and surrounding areas of the Territory",Business Closure,COVID-19 Directions (No. 27) 2021,COVID-19 Directions (No. 25) 2021,https://health.nt.gov.au/__data/assets/pdf_file/0020/1019243/cho-directions-no17of-2021.pdf
29/06/2021 01:25:00 PM,15/06/2022 11:59:00 PM,11/01/2022 03:59:00 PM,29/06/2021 01:25:00 PM,COVID-19 Directions (No. 18) 2021,Directions for COVID-19 public exposure sites in the Territory,Other,COVID-19 Directions (No. 11) 2022,,https://health.nt.gov.au/__data/assets/pdf_file/0003/1019433/cho-directions-no18of2021.pdf
01/07/2021 07:37:00 PM,15/06/2022 11:59:00 PM,09/07/2021 01:00:00 PM,01/07/2021 07:37:00 PM,COVID-19 Directions (No. 19) 2021,Directions for Aged Care Facilities,Aged Care,COVID-19 Directions (No. 33) 2021,,https://health.nt.gov.au/__data/assets/pdf_file/0014/1020461/cho-directions-nr19-of-2021.pdf
29/06/2021 08:51:00 PM,29/06/2021 08:51:00 PM,29/06/2021 08:51:00 PM,29/06/2021 08:51:00 PM,COVID-19 Directions (No. 20) 2021,Amendment to COVID-19 Directions (No. 16) 2021,Lockdown,COVID-19 Directions (No. 25) 2021,,https://health.nt.gov.au/__data/assets/pdf_file/0003/1019559/CHO-Directions-No.20-of-2021-Amendment-to-COVID-19-Directions-No.16-2021-SIGNED.pdf
30/06/2021 01:00:00 PM,03/07/2021 01:00:00 PM,01/07/2021 06:40:00 PM,30/06/2021 12:42:00 PM,COVID-19 Directions (No. 21) 2021,Directions to lock down Alice Springs,Lockdown,COVID-19 Directions (No. 23) 2021,,https://health.nt.gov.au/__data/assets/pdf_file/0006/1019751/CHO-Directions-No.-21-2021-Directions-to-lock-down-Alice-Springs.pdf
30/06/2021 01:00:00 PM,03/07/2021 01:00:00 PM,01/07/2021 06:41:00 PM,30/06/2021 12:43:00 PM,COVID-19 Directions (No. 22) 2021,"Directions to close places, activities and services in Alice Springs",Business Closure,COVID-19 Directions (No. 24) 2021,COVID-19 Directions (No. 49) 2022,"https://health.nt.gov.au/__data/assets/pdf_file/0007/1019752/CHO-Directions-No.-22-2021-Directions-to-close-places,-activities-and-services-in-Alice-Springs.pdf"
01/07/2021 06:40:00 PM,03/07/2021 01:00:00 PM,02/07/2021 01:00:00 PM,01/07/2021 06:40:00 PM,COVID-19 Directions (No. 23) 2021,Directions to lock down Alice Springs,Lockdown,COVID-19 Directions (No. 26) 2021,,https://health.nt.gov.au/__data/assets/pdf_file/0008/1020401/cho-directions-no23-of-2021.pdf
01/07/2021 06:41:00 PM,03/07/2021 01:00:00 PM,02/07/2021 01:00:00 PM,01/07/2021 06:41:00 PM,COVID-19 Directions (No. 24) 2021,"Directions to close places, activities and services in Alice Springs ",Business Closure,COVID-19 Directions (No. 27) 2021,,https://health.nt.gov.au/__data/assets/pdf_file/0009/1020402/cho-directions-no24of2021.pdf
01/07/2021 06:43:00 PM,02/07/2021 01:00:00 PM,02/07/2021 01:00:00 PM,01/07/2021 06:43:00 PM,COVID-19 Directions (No. 25) 2021,Directions to lock down Darwin and surrounding areas of the Territory,Lockdown,COVID-19 Directions (No. 26) 2021,,https://health.nt.gov.au/__data/assets/pdf_file/0010/1020403/cho-directions-no25-of-2021.pdf
02/07/2021 01:00:00 PM,09/07/2021 01:00:00 PM,09/07/2021 01:00:00 PM,02/07/2021 12:56:00 PM,COVID-19 Directions (No. 26) 2021,Directions for face masks,Mask Mandate,COVID-19 Directions (No. 80) 2021,"COVID-19 Directions (No. 30) 2021, COVID-19 Directions (No. 31) 2021",https://health.nt.gov.au/__data/assets/pdf_file/0020/1020539/cho-directions-no26-of-2021.pdf
02/07/2021 01:00:00 PM,09/07/2021 01:00:00 PM,06/07/2021 09:32:00 AM,02/07/2021 12:56:00 PM,COVID-19 Directions (No. 27) 2021,"Directions to close etc. certain places, premises, activities and services in former lockdown area",Business Closure,COVID-19 Directions (No. 32) 2021,,https://health.nt.gov.au/__data/assets/pdf_file/0012/1020540/cho-directions-no27-of-2021.pdf
02/07/2021 01:00:00 PM,09/07/2021 01:00:00 PM,06/07/2021 09:32:00 AM,02/07/2021 12:56:00 PM,COVID-19 Directions (No. 28) 2021,Directions not to attend certain places or participate in certain activities and services outside former lockdown area,Restrictions,COVID-19 Directions (No. 32) 2021,,https://health.nt.gov.au/__data/assets/pdf_file/0013/1020541/cho-directions-no28-of-2021.pdf
02/07/2021 01:00:00 PM,09/07/2021 01:00:00 PM,09/07/2021 01:00:00 PM,02/07/2021 12:57:00 PM,COVID-19 Directions (No. 29) 2021,Directions for Gatherings at Private Residences,Restrictions,COVID-19 Directions (No. 80) 2021,,https://health.nt.gov.au/__data/assets/pdf_file/0014/1020542/cho-directions-no29-of-2021.pdf
02/07/2021 06:39:00 PM,02/07/2021 06:39:00 PM,02/07/2021 06:39:00 PM,02/07/2021 06:39:00 PM,COVID-19 Directions (No. 30) 2021,Amendment to CHO Directions (No. 26) 2021: Directions for face masks,Mask Mandate,COVID-19 Directions (No. 80) 2021,,https://health.nt.gov.au/__data/assets/pdf_file/0014/1020542/cho-directions-no29-of-2021.pdf
06/07/2021 09:31:00 AM,06/07/2021 09:31:00 AM,06/07/2021 09:31:00 AM,06/07/2021 09:31:00 AM,COVID-19 Directions (No. 31) 2021,Amendment to CHO Directions (No. 26) 2021: Directions for face masks,Mask Mandate,COVID-19 Directions (No. 80) 2021,,https://health.nt.gov.au/__data/assets/pdf_file/0019/1021096/cho-directions-no31-of-2021.pdf
06/07/2021 09:32:00 AM,09/07/2021 01:00:00 PM,09/07/2021 01:00:00 PM,06/07/2021 09:32:00 AM,COVID-19 Directions (No. 32) 2021,"Directions relating to places, businesses, activities and services ",Business Closure,COVID-19 Directions (No. 80) 2021,,https://health.nt.gov.au/__data/assets/pdf_file/0020/1021097/cho-directions-no32-of-2021.pdf
09/07/2021 01:00:00 PM,15/06/2022 11:59:00 PM,16/08/2021 12:00:00 PM,09/07/2021 12:30:00 PM,COVID-19 Directions (No. 33) 2021,Directions for Aged Care Facilities,Aged Care,COVID-19 Directions (No. 41) 2021,,https://health.nt.gov.au/__data/assets/pdf_file/0016/1021615/cho-directions-no33-of-2021.pdf
23/07/2021 05:31:00 PM,15/06/2022 11:59:00 PM,19/08/2021 04:00:00 PM,23/07/2021 05:31:00 PM,COVID-19 Directions (No. 34) 2021,CHO Directions No. 34 of 2021 - Day 3 post quarantine testing requirement,Other,COVID-19 Directions (No. 44) 2021,,https://health.nt.gov.au/__data/assets/pdf_file/0004/1029262/CHO-Directions-No-34-of-2021-Day-3-post-quarantine-testing-requirement.pdf
12/07/2021 09:00:00 AM,15/06/2022 11:59:00 PM,15/06/2022 11:59:00 PM,09/07/2021 03:27:00 PM,COVID-19 Directions (No. 35) 2021,"Safety Measures for Places, Businesses, Activities, Services and Premises",Other,Post-emergency COVID-19 Directions (No. 1) 2022,,https://health.nt.gov.au/__data/assets/pdf_file/0016/1022461/cho-directions-no35-of-2021.pdf
12/07/2021 09:00:00 AM,15/06/2022 11:59:00 PM,31/03/2022 08:41:00 AM,09/07/2021 03:27:00 PM,COVID-19 Directions (No. 36) 2021,Directions for Major Public Events,Other,COVID-19 Directions (No. 56) 2022,,https://health.nt.gov.au/__data/assets/pdf_file/0019/1022482/cho-directions-no36-of-2021.pdf
22/07/2021 05:35:00 PM,22/07/2021 05:35:00 PM,22/07/2021 05:35:00 PM,22/07/2021 05:35:00 PM,COVID-19 Directions (No. 37) 2021,Amendment to COVID-19 Directions (No. 1) 2021,Mask Mandate,Post-emergency COVID-19 Directions (No. 4) 2022,,https://health.nt.gov.au/__data/assets/pdf_file/0003/1029090/CHO-Directions-No.37-of-2021-Amendment-to-Directions-No.1-2021-SIGNED.pdf
09/08/2021 12:01:00 AM,15/06/2022 11:59:00 PM,22/11/2021 12:01:00 AM,08/08/2021 01:30:00 PM,COVID-19 Directions (No. 38) 2021,Directions for Further Border Restrictions,Border,COVID-19 Directions (No. 96) 2021; COVID-19 Directions (No. 131) 2021,COVID-19 Directions (No. 54) 2021,https://health.nt.gov.au/__data/assets/pdf_file/0006/1034457/CHO-DIrections-No.38-of-2021-Directions-for-Further-Border-Restrictions-SIGNED.pdf
16/08/2021 12:00:00 PM,19/08/2021 12:00:00 PM,16/08/2021 03:06:00 PM,16/08/2021 11:57:00 AM,COVID-19 Directions (No. 39) 2021,Directions to lock down Darwin and surrounding areas of the Territory and Katherine,Lockdown,COVID-19 Directions (No. 42) 2021,,https://health.nt.gov.au/__data/assets/pdf_file/0019/1037008/cho-directions-no39-2021-directions-darwin-katherine.pdf
16/08/2021 12:00:00 PM,19/08/2021 12:00:00 PM,19/08/2021 12:00:00 PM,16/08/2021 11:58:00 AM,COVID-19 Directions (No. 40) 2021,"Directions to close places, activities and services in Darwin and surrounding areas and Katherine ",Business Closure,COVID-19 Directions (No. 49) 2021,COVID-19 Directions (No. 43) 2021,https://health.nt.gov.au/__data/assets/pdf_file/0012/1037010/cho-directions-no-40-2021-business-closure-darwin-katherine.pdf
16/08/2021 12:00:00 PM,19/08/2021 12:00:00 PM,19/08/2021 12:00:00 PM,16/08/2021 11:59:00 AM,COVID-19 Directions (No. 41) 2021,Directions for Aged Care Facilities,Aged Care,COVID-19 Directions (No. 47) 2021,,https://health.nt.gov.au/__data/assets/pdf_file/0013/1037011/cho-directions-no41-2021-directions-aged-care-facilities.pdf
16/08/2021 03:06:00 PM,19/08/2021 12:00:00 PM,19/08/2021 12:00:00 PM,16/08/2021 03:06:00 PM,COVID-19 Directions (No. 42) 2021,Directions to lock down Darwin and surrounding areas of the Territory and Katherine,Lockdown,COVID-19 Directions (No. 45) 2021,,https://health.nt.gov.au/__data/assets/pdf_file/0004/1037155/cho-directions-n42-2021-directions-darwin-katherine.pdf
16/08/2021 03:07:00 PM,16/08/2021 03:07:00 PM,16/08/2021 03:07:00 PM,16/08/2021 03:07:00 PM,COVID-19 Directions (No. 43) 2021,Amendment to COVID-19 Directions (No. 40) 2021,Business Closure,COVID-19 Directions (No. 49) 2021,,https://health.nt.gov.au/__data/assets/pdf_file/0008/1037168/cho-directions-no43-2021-amendment-directions40.pdf
19/08/2021 04:00:00 PM,15/06/2022 11:59:00 PM,22/11/2021 12:01:00 AM,19/08/2022 04:00:00 PM,COVID-19 Directions (No. 44) 2021,Quarantine and testing for persons who have exited quarantine in a State or another Territory,Other,COVID-19 Directions (No. 96) 2021,,https://health.nt.gov.au/__data/assets/pdf_file/0003/1038162/cho-directions-no44-of-2021.pdf
19/08/2021 12:00:00 PM,26/08/2021 12:00:00 PM,26/08/2021 12:00:00 PM,19/08/2021 11:44:00 AM,COVID-19 Directions (No. 45) 2021,Directions to apply in Darwin and surraounding areas of the Territory following lockdown,Business Closure,COVID-19 Directions (No. 80) 2021,COVID-19 Directions (No. 51) 2021,https://health.nt.gov.au/__data/assets/pdf_file/0008/1037825/cho-directions-no45-2021.pdf
19/08/2021 12:00:00 PM,20/08/2021 12:00:00 PM,20/08/2021 12:00:00 PM,19/08/2021 11:45:00 AM,COVID-19 Directions (No. 46) 2021,Directions to lock down Katherine,Lockdown,COVID-19 Directions (No. 50) 2021,,https://health.nt.gov.au/__data/assets/pdf_file/0005/1037831/cho-directions-no46-of-2021.pdf
19/08/2021 12:00:00 PM,20/08/2021 12:00:00 PM,20/08/2021 12:00:00 PM,19/08/2021 11:46:00 AM,COVID-19 Directions (No. 47) 2021,Directions for Aged Care Facilities in Katherine,Aged Care,COVID-19 Directions (No. 50) 2021,,https://health.nt.gov.au/__data/assets/pdf_file/0005/1037840/cho-directions-no47-of-2021.pdf
19/08/2021 11:47:00 AM,15/06/2022 11:59:00 PM,08/11/2021 05:00:00 PM,19/08/2021 11:47:00 AM,COVID-19 Directions (No. 48) 2021,Directions for Aged Care Facilities,Aged Care,COVID-19 Directions (No. 75) 2021,COVID-19 Directions (No. 63) 2021,https://health.nt.gov.au/__data/assets/pdf_file/0005/1037858/cho-directions-no48-of-2021.pdf
19/08/2021 12:00:00 PM,20/08/2021 12:00:00 PM,20/08/2021 12:00:00 PM,19/08/2021 11:48:00 AM,COVID-19 Directions (No. 49) 2021,"Directions to close places, activities and services in Katherine",Business Closure,COVID-19 Directions (No. 50) 2021,,https://health.nt.gov.au/__data/assets/pdf_file/0006/1037832/cho-directions-no49-of-2021.pdf
20/08/2021 12:00:00 PM,26/08/2021 12:00:00 PM,26/08/2021 12:00:00 PM,20/08/2021 11:05:00 AM,COVID-19 Directions (No. 50) 2021,Directions to apply in Katherine following lockdown ,Business Closure,COVID-19 Directions (No. 80) 2021,,https://health.nt.gov.au/__data/assets/pdf_file/0007/1038823/cho-directions-no50-of-2021.pdf
20/08/2021 11:16:00 AM,20/08/2021 11:16:00 AM,20/08/2021 11:16:00 AM,20/08/2021 11:16:00 AM,COVID-19 Directions (No. 51) 2021,Amendment to COVID-19 Directions (No. 45) 2021,Business Closure,COVID-19 Directions (No. 80) 2021,,https://health.nt.gov.au/__data/assets/pdf_file/0011/1038827/cho-directions-no51-of-2021.pdf
01/09/2021 01:06:00 PM,15/06/2022 11:59:00 PM,15/06/2022 11:59:00 PM,01/09/2021 01:06:00 PM,COVID-19 Directions (No. 52) 2021,Directions for Quarantine Facilities,Other,Post-emergency COVID-19 Directions (No. 1) 2022,COVID-19 Directions (No. 43) 2022,https://health.nt.gov.au/__data/assets/pdf_file/0020/1042670/cho-directions-nr52-of-2021.pdf
04/10/2021 05:16:00 PM,15/06/2022 11:59:00 PM,15/06/2022 11:59:00 PM,04/10/2021 05:16:00 PM,COVID-19 Directions (No. 53) 2021,Directions for Quarantine Workers,Other,Post-emergency COVID-19 Directions (No. 1) 2022,"COVID-19 Directions (No. 43) 2022, COVID-19 Directions (No. 51) 2022",https://health.nt.gov.au/__data/assets/pdf_file/0006/1057047/cho-directions-no53-2021-directions-quarantine-workers.pdf
06/10/2021 01:13:00 PM,06/10/2021 01:13:00 PM,06/10/2021 01:13:00 PM,06/10/2021 01:13:00 PM,COVID-19 Directions (No. 54) 2021,Amendment to COVID-19 Directions No.38,Border,COVID-19 Directions (No. 96) 2021,,https://health.nt.gov.au/__data/assets/pdf_file/0020/1057322/cho-directions-nr54-2021-amendment-covid19-directions-no38.pdf
13/10/2021 12:00:00 PM,15/06/2022 11:59:00 PM,22/04/2022 12:01:00 AM,13/10/2021 10:44:00 AM,COVID-19 Directions (No. 55) 2021,Directions for mandatory vaccination of workers to attend the workplace,Restrictions,COVID-19 Directions (No. 53) 2022,COVID-19 Directions (No. 81) 2021,https://health.nt.gov.au/__data/assets/pdf_file/0009/1058346/cho-directions-no55-2021.pdf
20/12/2021 12:01:00 AM,20/12/2021 12:01:00 AM,20/12/2021 12:01:00 AM,,COVID-19 Directions (No. 56) 2021,(Never Published),Other,COVID-19 Directions (No. 132) 2021,,
29/10/2021 01:28:00 PM,29/10/2021 01:28:00 PM,29/10/2021 01:28:00 PM,29/10/2021 01:28:00 PM,COVID-19 Directions (No. 57) 2021,Amendment to COVID-19 Directions No.8 2021,Border,COVID-19 Directions (No. 96) 2021,,https://health.nt.gov.au/__data/assets/pdf_file/0011/1063838/cho-directions-no57-of-2021.pdf
29/10/2021 02:41:00 PM,15/06/2022 11:59:00 PM,22/11/2021 12:01:00 AM,29/10/2021 02:41:00 PM,COVID-19 Directions (No. 58) 2021,Directions for persons sharing accommodation with persons undergoing quarantine,Other,COVID-19 Directions (No. 96) 2021,,https://health.nt.gov.au/__data/assets/pdf_file/0003/1063839/cho-directions-no58-of-2021.pdf
05/11/2021 12:01:00 AM,08/11/2021 12:01:00 PM,05/11/2021 08:22:00 PM,04/11/2021 11:12:00 PM,COVID-19 Directions (No. 59) 2021,Directions to lock down Katherine,Lockdown,COVID-19 Directions (No. 68) 2021,,https://health.nt.gov.au/__data/assets/pdf_file/0020/1066016/cho-directions-59.pdf
05/11/2021 12:01:00 AM,08/11/2021 12:01:00 PM,07/11/2021 03:00:00 PM,04/11/2021 11:12:00 PM,COVID-19 Directions (No. 60) 2021,"Directions to close places, activities and services in Katherine",Business Closure,COVID-19 Directions (No. 71) 2021,"COVID-19 Directions (No. 65) 2021, COVID-19 Directions (No. 70) 2021",https://health.nt.gov.au/__data/assets/pdf_file/0003/1066017/cho-directions-60.pdf
05/11/2021 12:01:00 AM,08/11/2021 12:01:00 PM,05/11/2021 07:52:00 PM,04/11/2021 11:13:00 PM,COVID-19 Directions (No. 61) 2021,Directions to lock out Darwin and surrounding areas of the Territory,Restrictions,COVID-19 Directions (No. 67) 2021,COVID-19 Directions (No. 64) 2021,https://health.nt.gov.au/__data/assets/pdf_file/0004/1066018/cho-directions-61.pdf
05/11/2021 12:01:00 AM,08/11/2021 12:01:00 PM,05/11/2021 08:20:00 PM,04/11/2021 11:14:00 PM,COVID-19 Directions (No. 62) 2021,"Directions to check vaccination status and to refuse service and access to places, activities and services to unvaccinated people",Restrictions,COVID-19 Directions (No. 66) 2021,,https://health.nt.gov.au/__data/assets/pdf_file/0005/1066019/cho-directions-62.pdf
05/11/2021 08:40:00 AM,08/11/2021 12:01:00 PM,09/11/2021 11:59:00 PM,05/11/2021 08:40:00 AM,COVID-19 Directions (No. 63) 2021,Directions for Aged Care Facilities in Darwin and surrounding areas of the Territory and Katherine,Aged Care,COVID-19 Directions (No. 80) 2021,"COVID-19 Directions (No. 69) 2021, COVID-19 Directions (No. 70) 2021, COVID-19 Directions (No. 73) 2021, COVID-19 Directions (No. 78) 2021",https://health.nt.gov.au/__data/assets/pdf_file/0018/1066050/cho-directions-63-of-21.pdf
05/11/2021 09:58:00 AM,08/11/2021 12:01:00 PM,05/11/2021 07:52:00 PM,05/11/2021 09:58:00 AM,COVID-19 Directions (No. 64) 2021,Amendments to COVID-19 Directions (No. 61) 2021,Restrictions,COVID-19 Directions (No. 70) 2021,,https://health.nt.gov.au/__data/assets/pdf_file/0011/1066088/cho-directions-64-21.pdf
05/11/2021 12:10:00 PM,08/11/2021 12:01:00 PM,07/11/2021 03:00:00 PM,05/11/2021 12:10:00 PM,COVID-19 Directions (No. 65) 2021,Amendment to COVID-19 Directions (No 60) 2021,Business Closure,COVID-19 Directions (No. 74) 2021,,https://health.nt.gov.au/__data/assets/pdf_file/0005/1066181/cho-direction-no65-school-in-katherine.pdf
05/11/2021 08:20:00 PM,07/11/2021 11:59:00 PM,07/11/2021 02:01:00 PM,05/11/2021 08:20:00 PM,COVID-19 Directions (No. 66) 2021,"Directions to check vaccination status and regulate service and access to places, activities and services in Darwin",Restrictions,COVID-19 Directions (No. 72) 2021,COVID-19 Directions (No. 70) 2021,https://health.nt.gov.au/__data/assets/pdf_file/0017/1066400/cho-directions-no66-21.pdf
05/11/2021 07:52:00 PM,08/11/2021 12:01:00 PM,08/11/2021 05:00:00 PM,05/11/2021 07:52:00 PM,COVID-19 Directions (No. 67) 2021,Directions to lock out Darwin and surrounding areas of the Territory,Restrictions,COVID-19 Directions (No. 76) 2021,"COVID-19 Directions (No. 70) 2021, COVID-19 Directions (No. 73) 2021",https://health.nt.gov.au/__data/assets/pdf_file/0018/1066401/cho-directions-no67-21.pdf
05/11/2021 08:22:00 PM,08/11/2021 12:01:00 PM,07/11/2021 03:00:00 PM,05/11/2021 08:22:00 PM,COVID-19 Directions (No. 68) 2021,Directions to lock down Katherine,Lockdown,COVID-19 Directions (No. 71) 2021,COVID-19 Directions (No. 70) 2021,https://health.nt.gov.au/__data/assets/pdf_file/0019/1066402/cho-directions-no68-2021.pdf
05/11/2021 04:49:00 PM,05/11/2021 04:49:00 PM,05/11/2021 04:49:00 PM,05/11/2021 04:49:00 PM,COVID-19 Directions (No. 69) 2021,Amendment to COVID-19 Directions (No63) 2021,Aged Care,COVID-19 Directions (No. 80) 2021,,https://health.nt.gov.au/__data/assets/pdf_file/0010/1066366/cho-directions-no69-21.pdf
06/11/2021 12:30:00 PM,08/11/2021 12:01:00 PM,08/11/2021 12:01:00 PM,06/11/2021 12:30:00 PM,COVID-19 Directions (No. 70) 2021,"Amendments to Directions No. 60, 63, 66, 67, 68 of 2021 and revocation of COVID-19 Direction (No. 64) 2021",Restrictions,COVID-19 Directions (No. 80) 2021,,https://health.nt.gov.au/__data/assets/pdf_file/0005/1066451/cho-direction-no70-21.pdf
07/11/2021 03:00:00 PM,08/11/2021 11:59:00 PM,08/11/2021 05:00:00 PM,07/11/2021 02:00:00 PM,COVID-19 Directions (No. 71) 2021,Directions to lock out Katherine,Restrictions,COVID-19 Directions (No. 74) 2021,,https://health.nt.gov.au/__data/assets/pdf_file/0003/1066674/cho-directions-71-2021.pdf
07/11/2021 02:01:00 PM,08/11/2021 11:59:00 PM,08/11/2021 05:00:00 PM,07/11/2021 02:01:00 PM,COVID-19 Directions (No. 72) 2021,Directions to check vaccination status and refuse service in Darwin & Surrounds and Katherine,Restrictions,COVID-19 Directions (No. 77) 2021,,https://health.nt.gov.au/__data/assets/pdf_file/0005/1066676/cho-directions-no-72-of-2021.pdf
07/11/2021 02:40:00 PM,08/11/2021 11:59:00 PM,08/11/2021 11:59:00 PM,07/11/2021 02:40:00 PM,COVID-19 Directions (No. 73) 2021,Amendments to COVID-19 Directions (No.63) and (No. 67) 2021,Restrictions,COVID-19 Directions (No. 80) 2021,,https://health.nt.gov.au/__data/assets/pdf_file/0004/1066675/cho-directions-no-73-of-2021.pdf
08/11/2021 05:00:00 PM,12/11/2021 05:00:00 PM,15/11/2021 05:00:00 PM,08/11/2021 04:39:00 PM,COVID-19 Directions (No. 74) 2021,Directions to apply in Katherine following lockout,Mask Mandate,COVID-19 Directions (No. 85) 2021,"COVID-19 Directions (No. 82) 2021, COVID-19 Directions (No. 84) 2021",https://health.nt.gov.au/__data/assets/pdf_file/0007/1068172/cho-directions-no74-2021.pdf
08/11/2021 05:00:00 PM,15/06/2022 11:59:00 PM,24/12/2021 06:21:00 PM,08/11/2021 04:56:00 PM,COVID-19 Directions (No. 75) 2021,Directions for Aged Care Facilities,Aged Care,COVID-19 Directions (No. 141) 2021,COVID-19 Directions (No. 80) 2021,https://health.nt.gov.au/__data/assets/pdf_file/0010/1068175/cho-directions-no75-2021.pdf
08/11/2021 05:00:00 PM,09/11/2021 11:59:00 PM,09/11/2021 11:59:00 PM,08/11/2021 04:49:00 PM,COVID-19 Directions (No. 76) 2021,Directions to lock out Darwin and surrounding areas of the Territory,Restrictions,COVID-19 Directions (No. 79) 2021,,https://health.nt.gov.au/__data/assets/pdf_file/0009/1068174/cho-directions-nr76-2021.pdf
08/11/2021 05:00:00 PM,09/11/2021 11:59:00 PM,09/11/2021 11:59:00 PM,08/11/2021 04:55:00 PM,COVID-19 Directions (No. 77) 2021,"Directions to check vaccination status and regulate service and access to places, activities and services in Darwin lockout area",Restrictions,COVID-19 Directions (No. 79) 2021,,https://health.nt.gov.au/__data/assets/pdf_file/0004/1068178/cho-directions-no77-2021.pdf
08/11/2021 05:00:00 PM,09/11/2021 11:59:00 PM,09/11/2021 11:59:00 PM,08/11/2021 04:57:00 PM,COVID-19 Directions (No. 78) 2021,Amendments to COVID-19 Directions (No.63) 2021,Aged Care,COVID-19 Directions (No. 80) 2021,,https://health.nt.gov.au/__data/assets/pdf_file/0003/1068177/cho-directions-no78-2021.pdf
09/11/2021 11:59:00 PM,12/11/2021 05:00:00 PM,12/11/2021 05:00:00 PM,09/11/2021 03:45:00 PM,COVID-19 Directions (No. 79) 2021,Directions to apply in Darwin and surrounding areas of the Territory following lockout,Mask Mandate,Post-emergency COVID-19 Directions (No. 1) 2022,,https://health.nt.gov.au/__data/assets/pdf_file/0010/1068499/cho-directions-no79-2021.pdf
09/11/2021 11:59:00 PM,09/11/2021 11:59:00 PM,09/11/2021 11:59:00 PM,09/11/2021 04:24:00 PM,COVID-19 Directions (No. 80) 2021,Amendment to COVID-19 Directions (No.75) 2021 and revocation of various COVID-19 Directions,Other,Post-emergency COVID-19 Directions (No. 1) 2022,,https://health.nt.gov.au/__data/assets/pdf_file/0007/1068514/cho-directions-no80-2021.pdf
10/11/2021 05:12:00 PM,15/06/2022 11:59:00 PM,22/04/2022 12:01:00 AM,10/11/2021 05:12:00 PM,COVID-19 Directions (No. 81) 2021,Amendments to COVID-19 Directions (No. 55) 2021 – Mandatory Vaccination Directions Amendment #1,Restrictions,COVID-19 Directions (No. 53) 2022,,https://health.nt.gov.au/__data/assets/pdf_file/0006/1068873/cho-directions-no81-2021.pdf
12/11/2021 04:03:00 PM,13/11/2021 05:00:00 PM,13/11/2021 05:00:00 PM,12/11/2021 04:03:00 PM,COVID-19 Directions (No. 82) 2021,Amendment to COVID-19 Directions (No.74) 2021,Mask Mandate,COVID-19 Directions (No. 85) 2021,,https://health.nt.gov.au/covid-19/restrictions/chief-health-officer-directions
15/11/2021 12:01:00 AM,15/06/2022 11:59:00 PM,06/01/2022 06:43:00 PM,12/11/2021 05:39:00 PM,COVID-19 Directions (No. 83) 2021,Directions for low vaccinated communities,Restrictions,COVID-19 Directions (No. 3) 2022,,https://health.nt.gov.au/__data/assets/pdf_file/0003/1069383/cho-directions-no.83-of-2021-directions-for-low-vaccinated-communities.pdf
13/11/2021 02:58:00 PM,15/11/2021 05:00:00 PM,15/11/2021 05:00:00 PM,13/11/2021 02:58:00 PM,COVID-19 Directions (No. 84) 2021,Amendment to COVID-19 Directions (No.74) 2021,Mask Mandate,COVID-19 Directions (No. 85) 2021,,https://health.nt.gov.au/__data/assets/pdf_file/0003/1069374/cho-directions-no.84-2021-amendment-to-covid-19-directions-no.74-2021.pdf
15/11/2021 06:00:00 PM,18/11/2021 06:00:00 PM,27/11/2021 12:00:00 PM,15/11/2021 05:56:00 PM,COVID-19 Directions (No. 85) 2021,Directions to lock down Katherine,Lockdown,COVID-19 Directions (No. 106) 2021,"COVID-19 Directions (No. 88) 2021, COVID-19 Directions (No. 90) 2021, COVID-19 Directions (No. 94) 2021, COVID-19 Directions (No. 98) 2021, COVID-19 Directions (No. 100) 2021",https://health.nt.gov.au/__data/assets/pdf_file/0010/1069723/cho-directions-no85-2021.pdf
15/11/2021 06:00:00 PM,18/11/2021 06:00:00 PM,22/11/2021 04:17:00 PM,15/11/2021 05:59:00 PM,COVID-19 Directions (No. 86) 2021,Directions to lock down Robinson River and homelands,Lockdown,COVID-19 Directions (No. 97) 2021,COVID-19 Directions (No. 91) 2021,https://health.nt.gov.au/__data/assets/pdf_file/0010/1069732/cho-directions-nr86-2021.pdf
15/11/2021 06:00:00 PM,18/11/2021 06:00:00 PM,27/11/2021 12:00:00 PM,15/11/2021 05:54:00 PM,COVID-19 Directions (No. 87) 2021,Directions for Aged Care Facilities in Katherine,Aged Care,COVID-19 Directions (No. 106) 2021,"COVID-19 Directions (No. 92) 2021, COVID-19 Directions (No. 98) 2021, COVID-19 Directions (No. 100) 2021",https://health.nt.gov.au/__data/assets/pdf_file/0011/1069724/cho-directions-no87-202.pdf
16/11/2021 10:35:00 AM,18/11/2021 06:00:00 PM,18/11/2021 06:00:00 PM,16/11/2021 10:35:00 AM,COVID-19 Directions (No. 88) 2021,Amendments to COVID-19 Directions (No. 85) 2021,Lockdown,COVID-19 Directions (No. 106) 2021,,https://health.nt.gov.au/__data/assets/pdf_file/0003/1069860/cho-directions-no88-2021.pdf
16/11/2021 12:00:00 PM,22/11/2021 06:00:00 PM,20/11/2021 10:55:00 AM,16/11/2021 11:45:00 AM,COVID-19 Directions (No. 89) 2021,Directions to wear face masks in the Territory,Mask Mandate,COVID-19 Directions (No. 93) 2021,,https://health.nt.gov.au/__data/assets/pdf_file/0008/1069874/cho-directions-no89-2021.pdf
16/11/2021 11:46:00 AM,22/11/2021 06:00:00 PM,27/11/2021 12:00:00 PM,16/11/2021 11:46:00 AM,COVID-19 Directions (No. 90) 2021,Amendments to COVID-19 Directions (No. 85) 2021,Lockdown,COVID-19 Directions (No. 106) 2021,,https://health.nt.gov.au/__data/assets/pdf_file/0009/1069875/cho-directions-no90-2021.pdf
17/11/2021 10:49:00 AM,22/11/2021 06:00:00 PM,22/11/2021 04:17:00 PM,17/11/2021 10:49:00 AM,COVID-19 Directions (No. 91) 2021,Amendment of COVID-19 Directions (No.86),Lockdown,COVID-19 Directions (No. 97) 2021,,https://health.nt.gov.au/__data/assets/pdf_file/0003/1070319/cho-directions-nr91-2021.pdf
18/11/2021 04:36:00 PM,22/11/2021 06:00:00 PM,22/11/2021 06:00:00 PM,18/11/2021 04:36:00 PM,COVID-19 Directions (No. 92) 2021,Amendment of COVID-19 Directions (No. 87),Aged Care,,,https://health.nt.gov.au/__data/assets/pdf_file/0010/1070569/cho-directions-no.92-2021-amendment-to-covid-19-directions-no.87-2021.pdf
20/11/2021 10:55:00 AM,20/11/2021 10:55:00 AM,20/11/2021 10:55:00 AM,20/11/2021 10:55:00 AM,COVID-19 Directions (No. 93) 2021,Revocation of NT wide mask wearing,Mask Mandate,Post-emergency COVID-19 Directions (No. 1) 2022,,https://health.nt.gov.au/__data/assets/pdf_file/0007/1071088/cho-directions-no93-2021.pdf
20/11/2021 07:34:00 PM,20/11/2021 07:34:00 PM,20/11/2021 07:34:00 PM,20/11/2021 07:34:00 PM,COVID-19 Directions (No. 94) 2021,Hard lockdown of Binjari and Rockhole,Lockdown,COVID-19 Directions (No. 105) 2021,COVID-19 Directions (No. 101) 2021,https://health.nt.gov.au/__data/assets/pdf_file/0017/1071125/cho-directions-no-94-of-2021-hard-lockdown-of-binjari-and-rockhole-unsigned.pdf
21/11/2021 12:00:00 PM,04/12/2021 06:00:00 PM,26/11/2021 02:27:00 PM,21/11/2021 11:51:00 AM,COVID-19 Directions (No. 95) 2021,Directions to wear face masks in Roper Gulf and Victoria-Daly,Mask Mandate,COVID-19 Directions (No. 103) 2021,,https://health.nt.gov.au/__data/assets/pdf_file/0020/1071137/cho-directions-no-95-of-2021-face-masks-roper-gulf-victoria-daly.pdf
22/11/2021 12:01:00 AM,15/06/2022 11:59:00 PM,20/12/2021 12:01:00 AM,21/11/2021 06:48:00 PM,COVID-19 Directions (No. 96) 2021,Directions for Territory border restrictions,Border,COVID-19 Directions (No. 131) 2021,"COVID-19 Directions (No. 99) 2021, COVID-19 Directions (No. 114) 2021",https://health.nt.gov.au/__data/assets/pdf_file/0020/1071164/CHO-Directions-No-96-of-2021-Directions-for-Territory-border-restrictions.pdf
22/11/2021 04:17:00 PM,01/12/2021 06:00:00 PM,01/12/2021 06:00:00 PM,22/11/2021 04:17:00 PM,COVID-19 Directions (No. 97) 2021,Robinson River and surrounds lock out,Restrictions,Post-emergency COVID-19 Directions (No. 1) 2022,,https://health.nt.gov.au/__data/assets/pdf_file/0007/1071394/cho-directions-no-97-2021.pdf
22/11/2021 05:29:00 PM,24/11/2021 06:00:00 PM,27/11/2021 12:00:00 PM,22/11/2021 05:29:00 PM,COVID-19 Directions (No. 98) 2021,Amendments to CHO Directions No. 85 and 87 of 2021,Lockdown,COVID-19 Directions (No. 106) 2021,,https://health.nt.gov.au/__data/assets/pdf_file/0018/1071450/cho-directions-no.98-2021-amendments-to-cho-directions-no.85-and-87-2021.pdf
22/11/2021 05:19:00 PM,15/06/2022 11:59:00 PM,20/12/2021 12:01:00 AM,22/11/2021 05:19:00 PM,COVID-19 Directions (No. 99) 2021,Amendments to COVID-19 Directions No.96 of 2021,Border,COVID-19 Directions (No. 131) 2021,,https://health.nt.gov.au/__data/assets/pdf_file/0019/1071451/cho-directions-no.99-2021-amendments-to-covid-19-directions-no.96-2021.pdf
24/11/2021 03:43:00 PM,04/12/2021 06:00:00 PM,27/11/2021 12:00:00 PM,24/11/2021 03:43:00 PM,COVID-19 Directions (No. 100) 2021,Amendments to No. 85 & 87,Lockdown,COVID-19 Directions (No. 106) 2021,,https://health.nt.gov.au/__data/assets/pdf_file/0003/1071840/cho-directions-no100.pdf
25/11/2021 12:00:00 PM,25/11/2021 12:00:00 PM,25/11/2021 12:00:00 PM,25/11/2021 11:37:00 AM,COVID-19 Directions (No. 101) 2021,Amendments to No 94,Lockdown,COVID-19 Directions (No. 105) 2021,,https://health.nt.gov.au/__data/assets/pdf_file/0003/1071912/cho-directions-no101-amendments-to-covid-19-directions-no-94-2021.pdf
25/11/2021 05:18:00 PM,07/12/2021 12:00:00 AM,07/12/2021 12:00:00 AM,25/11/2021 05:18:00 PM,COVID-19 Directions (No. 102) 2021,Directions for intra-Territory travel,Restrictions,"COVID-19 Directions (No. 107) 2021, Post-emergency COVID-19 Directions (No. 1) 2022",,https://health.nt.gov.au/__data/assets/pdf_file/0006/1071996/cho-directions-no102-2021.pdf
26/11/2021 02:27:00 PM,26/11/2021 02:27:00 PM,26/11/2021 02:27:00 PM,26/11/2021 02:27:00 PM,COVID-19 Directions (No. 103) 2021,Revocation of Directions to wear face masks in Roper Gulf and Victoria-Daly,Mask Mandate,Post-emergency COVID-19 Directions (No. 1) 2022,,https://health.nt.gov.au/__data/assets/pdf_file/0005/1072148/cho-directions-no103-2021.pdf
27/11/2021 12:01:00 AM,15/06/2022 11:59:00 PM,30/11/2021 12:01:00 AM,26/11/2021 03:38:00 PM,COVID-19 Directions (No. 104) 2021,Directions for Rapid Antigen Testing for arrivals from South Australia,Restrictions,COVID-19 Directions (No. 110) 2021,,https://health.nt.gov.au/__data/assets/pdf_file/0005/1072175/cho-directions-no104-2021.pdf
27/11/2021 12:00:00 PM,07/12/2021 12:00:00 PM,02/12/2021 12:06:00 PM,27/11/2021 11:48:00 AM,COVID-19 Directions (No. 105) 2021,Directions for hard lockdown in Binjari,Lockdown,COVID-19 Directions (No. 112) 2021,,https://health.nt.gov.au/__data/assets/pdf_file/0006/1072194/cho-directions-no105-2021-directions-for-hard-lockdown-in-binjari.pdf
27/11/2021 12:00:00 PM,07/12/2021 12:00:00 PM,08/12/2021 12:00:00 PM,27/11/2021 11:49:00 AM,COVID-19 Directions (No. 106) 2021,Directions to lock out Katherine,Restrictions,Post-emergency COVID-19 Directions (No. 1) 2022,COVID-19 Directions (No. 115) 2021,https://health.nt.gov.au/__data/assets/pdf_file/0007/1072195/cho-directions-no-106-2021.pdf
27/11/2021 12:00:00 PM,27/11/2021 12:00:00 PM,27/11/2021 12:00:00 PM,27/11/2021 11:50:00 AM,COVID-19 Directions (No. 107) 2021,Amendments to CHO Directions No.102 - Intra Territory travel,Restrictions,Post-emergency COVID-19 Directions (No. 1) 2022,,https://health.nt.gov.au/__data/assets/pdf_file/0008/1072196/cho-directions-no-107-amendments-to-cho-directions-no-102-intra-territory-travel.pdf
27/11/2021 10:27:00 PM,11/12/2021 12:00:00 PM,01/12/2021 12:00:00 PM,27/11/2021 10:27:00 PM,COVID-19 Directions (No. 108) 2021,Directions to lock down Lajamanu and homelands,Lockdown,COVID-19 Directions (No. 111) 2021,,https://health.nt.gov.au/__data/assets/pdf_file/0018/1072206/CHO-Directions-No-108-of-2021-Directions-to-lock-down-Lajamanu-and-homelands-SIGNED.pdf
28/11/2021 05:10:00 PM,15/06/2022 11:59:00 PM,21/12/2021 05:17:00 PM,28/11/2021 05:10:00 PM,COVID-19 Directions (No. 109) 2021,Exiting a lockdown area or lockout area to leave the Territory by road,Restrictions,COVID-19 Directions (No. 136) 2021,,https://health.nt.gov.au/__data/assets/pdf_file/0004/1072228/CHO-Directions-No-109-of-2021-Exiting-a-lockdown-area-or-lockout-area-to-leave-the-Territory-by-road-SIGNED.pdf
30/11/2021 12:01:00 AM,15/06/2022 11:59:00 PM,08/12/2021 11:59:00 PM,29/11/2021 06:05:00 PM,COVID-19 Directions (No. 110) 2021,PCR testing for South Australia arrivals,Restrictions,"COVID-19 Directions (No. 113) 2021, COVID-19 Directions (No. 131) 2021",,https://health.nt.gov.au/__data/assets/pdf_file/0019/1072522/cho-directions-110-2021.pdf
01/12/2021 12:00:00 PM,07/12/2021 12:00:00 PM,07/12/2021 12:00:00 PM,01/12/2021 11:55:00 AM,COVID-19 Directions (No. 111) 2021,Directions to lock out Lajamanu and homelands,Restrictions,Post-emergency COVID-19 Directions (No. 1) 2022,,https://health.nt.gov.au/__data/assets/pdf_file/0004/1072894/cho-directions-no-111-directions-lock-out-lajamanu-homelands.pdf
02/12/2021 12:06:00 PM,07/12/2021 12:00:00 PM,07/12/2021 11:59:00 AM,02/12/2021 12:06:00 PM,COVID-19 Directions (No. 112) 2021,Directions to lock down Binjari,Lockdown,COVID-19 Directions (No. 115) 2021,,https://health.nt.gov.au/__data/assets/pdf_file/0020/1073126/cho-directions-112-2021.pdf
03/12/2021 03:13:00 PM,03/12/2021 03:13:00 PM,03/12/2021 03:13:00 PM,03/12/2021 03:13:00 PM,COVID-19 Directions (No. 113) 2021,Application of my COVID-19 Directions (No.110) 2021 and revocation,Restrictions,Post-emergency COVID-19 Directions (No. 1) 2022,,https://health.nt.gov.au/__data/assets/pdf_file/0009/1073439/cho-directions-no113-2021.pdf
06/12/2021 04:32:00 PM,06/12/2021 04:32:00 PM,06/12/2021 04:32:00 PM,06/12/2021 04:32:00 PM,COVID-19 Directions (No. 114) 2021,Amendment of COVID-19 Directions (No. 96) 2021,Border,COVID-19 Directions (No. 131) 2021,,https://health.nt.gov.au/__data/assets/pdf_file/0003/1073856/cho-directions-no114-2021.pdf
07/12/2021 11:59:00 AM,07/12/2021 11:59:00 PM,07/12/2021 11:59:00 PM,06/12/2021 04:32:00 PM,COVID-19 Directions (No. 115) 2021,Amendment of (No.106) 2021 and revocation of (No.112),Restrictions,Post-emergency COVID-19 Directions (No. 1) 2022,,https://health.nt.gov.au/__data/assets/pdf_file/0007/1073860/cho-directions-no115-2021.pdf
08/12/2021 12:00:00 PM,15/12/2021 12:00:00 PM,20/12/2021 02:00:00 PM,08/12/2021 11:50:00 AM,COVID-19 Directions (No. 116) 2021,Directions to wear face masks in Katherine,Mask Mandate,COVID-19 Directions (No. 135) 2021,"COVID-19 Directions (No. 124) 2021, COVID-19 Directions (No. 130) 2021",https://health.nt.gov.au/__data/assets/pdf_file/0006/1074579/cho-directions-no116-2021.pdf
08/12/2021 05:00:00 PM,15/12/2021 12:00:00 PM,15/12/2021 12:00:00 PM,08/12/2021 05:00:00 PM,COVID-19 Directions (No. 117) 2021,Directions for aged care facilities in Katherine,Aged Care,Post-emergency COVID-19 Directions (No. 1) 2022,,https://health.nt.gov.au/__data/assets/pdf_file/0003/1074693/cho-direction-117-2021-directions-for-aged-care-facilities-katherine.pdf
10/12/2021 02:38:00 PM,10/12/2021 02:38:00 PM,10/12/2021 02:38:00 PM,,COVID-19 Directions (No. 118) 2021,(Never Published),Other,COVID-19 Directions (No. 119) 2021,,
10/12/2021 02:38:00 PM,11/12/2021 06:00:00 PM,11/12/2021 06:00:00 PM,10/12/2021 02:38:00 PM,COVID-19 Directions (No. 119) 2021,Testing requirements for COVID-19 risk zone - Katherine East,Restrictions,Post-emergency COVID-19 Directions (No. 1) 2022,,https://health.nt.gov.au/__data/assets/pdf_file/0008/1075139/cho-direction-119-2021-testing-requirements-for-covid-19-risk-zone-katherine-east.pdf
11/12/2021 02:00:00 PM,14/12/2021 02:00:00 PM,20/12/2021 02:00:00 PM,11/12/2021 01:26:00 PM,COVID-19 Directions (No. 120) 2021,Directions to wear face masks in Barunga and Manyallaluk,Mask Mandate,COVID-19 Directions (No. 135) 2021,"COVID-19 Directions (No. 124) 2021, COVID-19 Directions (No. 130) 2021",https://health.nt.gov.au/__data/assets/pdf_file/0016/1075300/COVID-19-Directions-No.-120-2021-Directions-to-wear-face-masks-in-Barunga-and-Manyallaluk.pdf
11/12/2021 02:00:00 PM,14/12/2021 02:00:00 PM,14/12/2021 02:00:00 PM,11/12/2021 01:21:00 PM,COVID-19 Directions (No. 121) 2021,Directions to lock out Beswick,Restrictions,Post-emergency COVID-19 Directions (No. 1) 2022,,https://health.nt.gov.au/__data/assets/pdf_file/0018/1075302/COVID-19-Directions-No.-121-2021-Directions-to-lock-out-Beswick.pdf
12/12/2021 02:27:00 PM,15/12/2021 02:00:00 PM,20/12/2021 02:00:00 PM,12/12/2021 02:27:00 PM,COVID-19 Directions (No. 122) 2021,"Directions to wear face masks in Bulla, Tennant Creek, Daguragu, Kalkarindji, Pigeon Hole and Lajamanu",Mask Mandate,COVID-19 Directions (No. 135) 2021,"COVID-19 Directions (No. 124) 2021, COVID-19 Directions (No. 130) 2021","https://health.nt.gov.au/__data/assets/pdf_file/0007/1075462/CHO-Directions-122-Wearing-masks-in-Bulla,-Tennant-Creek,-Daguragu,-Kalkarindji,-Pigeon-Hole-and-Lajamanu.pdf"
13/12/2021 07:27:00 PM,15/06/2022 11:59:00 PM,20/12/2021 04:08:00 PM,13/12/2021 07:27:00 PM,COVID-19 Directions (No. 123) 2021,Directions for PCR testing for persons exiting Katherine,Restrictions,COVID-19 Directions (No. 135) 2021,,https://health.nt.gov.au/__data/assets/pdf_file/0009/1075680/cho-direction-123-2021.pdf
14/12/2021 01:42:00 PM,14/12/2021 01:42:00 PM,14/12/2021 01:42:00 PM,14/12/2021 01:42:00 PM,COVID-19 Directions (No. 124) 2021,Amendment of 116 120 and 122 - Mask wearing,Mask Mandate,COVID-19 Directions (No. 135) 2021,,https://health.nt.gov.au/__data/assets/pdf_file/0004/1075801/cho-directions-no-124-2021.pdf
14/12/2021 08:14:00 PM,17/12/2021 02:00:00 PM,17/12/2021 02:00:00 PM,14/12/2021 08:14:00 PM,COVID-19 Directions (No. 125) 2021,Directions to lock out Kalkarindji and Daguragu,Restrictions,Post-emergency COVID-19 Directions (No. 1) 2022,,https://health.nt.gov.au/__data/assets/pdf_file/0009/1075914/cho-directions-no125-of-2021.pdf
14/12/2021 08:16:00 PM,17/12/2021 02:00:00 PM,17/12/2021 02:00:00 PM,14/12/2021 08:16:00 PM,COVID-19 Directions (No. 126) 2021,Directions to lock out Timber Creek and Gilwi,Restrictions,Post-emergency COVID-19 Directions (No. 1) 2022,,https://health.nt.gov.au/__data/assets/pdf_file/0010/1075915/cho-directions-no126-of-2021.pdf
17/12/2021 04:55:00 PM,20/12/2021 05:00:00 PM,23/12/2021 05:00:00 PM,17/12/2021 04:55:00 PM,COVID-19 Directions (No. 127) 2021,Directions to lock down Tennant Creek,Lockdown,COVID-19 Directions (No. 140) 2021,"COVID-19 Directions (No. 135) 2021, COVID-19 Directions (No. 138) 2021",https://health.nt.gov.au/__data/assets/pdf_file/0009/1078308/cho-directions-no-127-2021-directions-to-lock-down-tennant-creek.pdf
17/12/2021 01:25:00 PM,20/12/2021 05:00:00 PM,29/12/2021 05:00:00 PM,17/12/2021 01:25:00 PM,COVID-19 Directions (No. 128) 2021,Directions to wear face masks in Barkly Region,Mask Mandate,Post-emergency COVID-19 Directions (No. 1) 2022,"COVID-19 Directions (No. 135) 2021, COVID-19 Directions (No. 138) 2021, COVID-19 Directions (No. 139) 2021",https://health.nt.gov.au/__data/assets/pdf_file/0008/1078127/cho-directions-no128-of2021.pdf
17/12/2021 02:00:00 PM,20/12/2021 05:00:00 PM,20/12/2021 04:08:00 PM,17/12/2021 01:26:00 PM,COVID-19 Directions (No. 129) 2021,"Directions to wear face masks in Timber Creek, Gilwi, Kalkarindji and Daguragu",Mask Mandate,COVID-19 Directions (No. 135) 2021,,https://health.nt.gov.au/__data/assets/pdf_file/0010/1078129/cho-directions-no129-of2021.pdf
17/12/2021 01:27:00 PM,17/12/2021 01:27:00 PM,17/12/2021 01:27:00 PM,17/12/2021 01:27:00 PM,COVID-19 Directions (No. 130) 2021,"Amendment of Directions No. 116, 120 and 122",Mask Mandate,COVID-19 Directions (No. 135) 2021,,https://health.nt.gov.au/__data/assets/pdf_file/0011/1078247/cho-directions-no130-of2021.pdf
20/12/2021 12:01:00 AM,15/06/2022 11:59:00 PM,18/02/2022 04:42:00 PM,18/12/2021 08:04:00 PM,COVID-19 Directions (No. 131) 2021,Directions for Territory border restrictions,Border,COVID-19 Directions (No. 43) 2022,"COVID-19 Directions (No. 134) 2021, COVID-19 Directions (No. 1) 2022, COVID-19 Directions (No. 35) 2022, COVID-19 Directions (No. 38) 2022",https://health.nt.gov.au/__data/assets/pdf_file/0007/1078333/cho-direction-no-131-2021-direction-for-territory-border-restrictions.pdf
20/12/2021 12:01:00 AM,15/06/2022 11:59:00 PM,03/02/2022 04:07:00 PM,19/12/2021 03:06:00 PM,COVID-19 Directions (No. 132) 2021,Directions for freight workers,Other,COVID-19 Directions (No. 38) 2022,,https://health.nt.gov.au/__data/assets/pdf_file/0007/1078405/cho-directions-no-132-2021-directions-for-freight-workers.pdf
19/12/2021 04:28:00 PM,22/12/2021 05:00:00 PM,23/12/2021 01:42:00 PM,19/12/2021 04:28:00 PM,COVID-19 Directions (No. 133) 2021,"Directions to lock down Ali Curung, Imangara, Imperrenth, Double D, Junkaji and Wakurlpu",Lockdown,COVID-19 Directions (No. 139) 2021,COVID-19 Directions (No. 138) 2021,https://health.nt.gov.au/__data/assets/pdf_file/0009/1078407/cho-directions-no-133-2021-directions-to-lock-down-ali-curung-imangara-imperrenth-double-d-jankaji-and-wakurlpu.pdf
19/12/2021 04:30:00 PM,19/12/2021 04:30:00 PM,19/12/2021 04:30:00 PM,19/12/2021 04:30:00 PM,COVID-19 Directions (No. 134) 2021,Amendments to COVID-19 Directions (No. 131) 2021,Border,COVID-19 Directions (No. 43) 2022,,https://health.nt.gov.au/__data/assets/pdf_file/0004/1078501/cho-directions-no.134-2021-amendment-of-covid-19-directions-no.131-2021.pdf
20/12/2021 04:08:00 PM,20/12/2021 04:08:00 PM,20/12/2021 04:08:00 PM,20/12/2021 04:08:00 PM,COVID-19 Directions (No. 135) 2021,Amendment and revocation of other Directions,Lockdown,Post-emergency COVID-19 Directions (No. 1) 2022,,https://health.nt.gov.au/__data/assets/pdf_file/0004/1078699/cho-directions-no135-of-2021.pdf
21/12/2021 05:17:00 PM,15/06/2022 11:59:00 PM,30/01/2022 02:00:00 PM,21/12/2021 05:17:00 PM,COVID-19 Directions (No. 136) 2021,Exiting a lockdown or lockout area to leave the Territory,Restrictions,COVID-19 Directions (No. 33) 2022,,https://health.nt.gov.au/__data/assets/pdf_file/0008/1078874/cho-directions-no136-2021.pdf
22/12/2021 04:18:00 PM,24/12/2021 05:00:00 PM,24/12/2021 05:00:00 PM,22/12/2021 04:18:00 PM,COVID-19 Directions (No. 137) 2021,Directions to wear face masks in Alice Springs and Amoonguna,Mask Mandate,COVID-19 Directions (No. 142) 2021,,https://health.nt.gov.au/__data/assets/pdf_file/0008/1079108/cho-directions-no137-2021.pdf
22/12/2021 04:22:00 PM,22/12/2021 04:22:00 PM,22/12/2021 04:22:00 PM,22/12/2021 04:22:00 PM,COVID-19 Directions (No. 138) 2021,Amendment and revocation of other Directions,Lockdown,Post-emergency COVID-19 Directions (No. 1) 2022,,https://health.nt.gov.au/__data/assets/pdf_file/0009/1079109/cho-directions-no138-2021.pdf
23/12/2021 01:42:00 PM,23/12/2021 01:42:00 PM,23/12/2021 01:42:00 PM,23/12/2021 01:42:00 PM,COVID-19 Directions (No. 139) 2021,Amendment and revocation of other Directions,Lockdown,Post-emergency COVID-19 Directions (No. 1) 2022,,https://health.nt.gov.au/__data/assets/pdf_file/0010/1079407/cho-directions-no139-of-2021.pdf
23/12/2021 05:58:00 PM,29/12/2021 05:00:00 PM,29/12/2021 05:00:00 PM,23/12/2021 05:58:00 PM,COVID-19 Directions (No. 140) 2021,Direction to lock out Tennant Creek,Restrictions,Post-emergency COVID-19 Directions (No. 1) 2022,,https://health.nt.gov.au/__data/assets/pdf_file/0007/1079422/CHO-Directions-No.-140-of-2021-Direction-to-lock-out-Tennant-Creek.pdf
24/12/2021 06:21:00 PM,15/06/2022 11:59:00 PM,15/06/2022 11:59:00 PM,24/12/2021 06:21:00 PM,COVID-19 Directions (No. 141) 2021,Directions for Aged Care Facilities,Aged Care,Post-emergency COVID-19 Directions (No. 1) 2022,"COVID-19 Directions (No. 43) 2022, COVID-19 Directions (No. 58) 2022",https://health.nt.gov.au/__data/assets/pdf_file/0004/1079482/cho-directions-no141-of-2021.pdf
31/12/2021 06:00:00 PM,15/06/2022 11:59:00 PM,07/03/2022 12:01:00 AM,31/12/2021 01:44:00 PM,COVID-19 Directions (No. 142) 2021,Directions to wear face masks in the Territory,Mask Mandate,COVID-19 Directions (No. 49) 2022,"COVID-19 Directions (No. 143) 2021, COVID-19 Directions (No. 32) 2022, COVID-19 Directions (No. 43) 2022",https://health.nt.gov.au/__data/assets/pdf_file/0011/1079795/cho-directions-no142of2021.pdf
31/12/2021 06:00:00 PM,15/06/2022 11:59:00 PM,18/02/2022 04:42:00 PM,31/12/2021 05:02:00 PM,COVID-19 Directions (No. 143) 2021,Amendments to Directions (No. 142) 2021,Mask Mandate,COVID-19 Directions (No. 49) 2022,,https://health.nt.gov.au/__data/assets/pdf_file/0009/1079802/cho-directions-no143of2021.pdf
04/01/2022 07:43:00 PM,04/01/2022 07:43:00 PM,04/01/2022 07:43:00 PM,04/01/2022 07:43:00 PM,COVID-19 Directions (No. 1) 2022,Amendments to COVID-19 Directions (No. 131) 2021 – Border Directions Amendment #2,Border,COVID-19 Directions (No. 43) 2022,,https://health.nt.gov.au/__data/assets/pdf_file/0014/1080131/CHO-Directions-No-1-of-2022-Amendment-of-COVID-Directions-No.131-2021-SIGNED.pdf
06/01/2022 02:40:00 PM,10/01/2022 12:00:00 PM,10/01/2022 12:00:00 PM,06/01/2022 02:40:00 PM,COVID-19 Directions (No. 2) 2022,Directions to lock out whole of Territory,Restrictions,COVID-19 Directions (No. 33) 2022,COVID-19 Directions (No. 5) 2022,https://health.nt.gov.au/__data/assets/pdf_file/0020/1080380/cho-directions-no2of2022.pdf
06/01/2022 06:43:00 PM,10/01/2022 12:00:00 PM,15/06/2022 11:59:00 PM,06/01/2022 06:43:00 PM,COVID-19 Directions (No. 3) 2022,Directions for Exclusion Zones,Restrictions,Post-emergency COVID-19 Directions (No. 1) 2022,"COVID-19 Directions (No. 6) 2022, COVID-19 Directions (No. 7) 2022, COVID-19 Directions (No. 43) 2022, COVID-19 Directions (No. 48) 2022",https://health.nt.gov.au/__data/assets/pdf_file/0019/1080523/CHO-Directions-No-3-of-2022-Directions-for-Exclusion-Zones.pdf
06/01/2022 08:42:00 PM,10/01/2022 12:00:00 PM,10/01/2022 12:00:00 PM,06/01/2022 08:42:00 PM,COVID-19 Directions (No. 5) 2022,Amendments to Directions No. 2 of 2022,Restrictions,COVID-19 Directions (No. 33) 2022,,https://health.nt.gov.au/__data/assets/pdf_file/0003/1080525/CHO-Directions-No-5-of-2022-Amendments-to-Directions-No-2-of-2022-Territory-Wide-Lockout-Amendment-1.pdf
06/01/2022 07:48:00 PM,15/06/2022 11:59:00 PM,23/01/2022 05:39:00 PM,06/01/2022 07:48:00 PM,COVID-19 Directions (No. 4) 2022,Directions for infected persons and close contacts,Border,COVID-19 Directions (No. 22) 2022,"COVID-19 Directions (No. 11) 2022, COVID-19 Directions (No. 13) 2022",https://health.nt.gov.au/__data/assets/pdf_file/0020/1080560/cho-directions-no-4-of-2022-directions-for-infected-persons-and-close-contacts-signed.pdf
07/01/2022 06:13:00 PM,07/01/2022 06:13:00 PM,07/01/2022 06:13:00 PM,07/01/2022 06:13:00 PM,COVID-19 Directions (No. 6) 2022,Amendments to Directions No.3 of 2022 - Exclusion Zones Amendment #1,Restrictions,Post-emergency COVID-19 Directions (No. 1) 2022,,https://health.nt.gov.au/__data/assets/pdf_file/0006/1080744/cho-directions-no6of2022.pdf
09/01/2022 12:39:00 PM,09/01/2022 12:39:00 PM,09/01/2022 12:39:00 PM,09/01/2022 12:39:00 PM,COVID-19 Directions (No. 7) 2022,Amendment of CHO Directions No.3 2022,Restrictions,Post-emergency COVID-19 Directions (No. 1) 2022,,https://health.nt.gov.au/__data/assets/pdf_file/0007/1080835/CHO-Directions-No-7-2022-Amendment-of-CHO-Directions-No2.pdf
10/01/2022 12:00:00 PM,15/06/2022 11:59:00 PM,05/04/2022 07:45:00 AM,10/01/2022 11:33:00 AM,COVID-19 Directions (No. 8) 2022,Directions requiring evidence of vaccination or exemption,Restrictions,COVID-19 Directions (No. 57) 2022,"COVID-19 Directions (No. 9) 2022, COVID-19 Directions (No. 14) 2022, COVID-19 Directions (No. 55) 2022",https://health.nt.gov.au/__data/assets/pdf_file/0007/1081087/cho-directions-no8of2022.pdf
10/01/2022 02:48:00 PM,10/01/2022 02:48:00 PM,10/01/2022 02:48:00 PM,10/01/2022 02:48:00 PM,COVID-19 Directions (No. 9) 2022,Amendment of CHO Directions (No.08) 2022,Restrictions,COVID-19 Directions (No. 57) 2022,,https://health.nt.gov.au/__data/assets/pdf_file/0008/1081088/cho-directions-no9of2022.pdf
10/01/2022 05:59:00 PM,15/01/2022 12:00:00 PM,30/01/2022 02:00:00 PM,10/01/2022 05:59:00 PM,COVID-19 Directions (No. 10) 2022,Directions to lock out Yuendumu and Yuelamu,Restrictions,COVID-19 Directions (No. 33) 2022,"COVID-19 Directions (No. 17) 2022, COVID-19 Directions (No. 18) 2022, COVID-19 Directions (No. 23) 2022",https://health.nt.gov.au/__data/assets/pdf_file/0012/1081101/CHO-Directions-No-10-of-2022-Directions-to-lock-out-Yuendumu-and-Yuelamu.pdf
11/01/2022 03:59:00 PM,11/01/2022 03:59:00 PM,11/01/2022 03:59:00 PM,11/01/2022 03:59:00 PM,COVID-19 Directions (No. 11) 2022,Amendment of COVID-19 Directions (No.4) 2022 and revocation of CHO Directions (No.18) 2021,Border,Post-emergency COVID-19 Directions (No. 1) 2022,,https://health.nt.gov.au/__data/assets/pdf_file/0009/1081278/cho-directions-no11of2022.pdf
13/01/2022 12:00:00 PM,18/01/2022 12:00:00 PM,16/01/2022 03:00:00 PM,13/01/2022 11:47:00 AM,COVID-19 Directions (No. 12) 2022,Directions to lock out Amoonguna,Restrictions,"COVID-19 Directions (No. 19) 2022, COVID-19 Directions (No. 33) 2022",,https://health.nt.gov.au/__data/assets/pdf_file/0006/1081680/cho-directions-no12of2022.pdf
13/01/2022 02:08:00 PM,13/01/2022 02:08:00 PM,13/01/2022 02:08:00 PM,13/01/2022 02:08:00 PM,COVID-19 Directions (No. 13) 2022,Amendment of CHO Directions (No.4) 2022,Border,COVID-19 Directions (No. 22) 2022,,https://health.nt.gov.au/__data/assets/pdf_file/0003/1081722/cho-directions-no13of2022.pdf
13/01/2022 01:55:00 PM,13/01/2022 01:55:00 PM,13/01/2022 01:55:00 PM,13/01/2022 01:55:00 PM,COVID-19 Directions (No. 14) 2022,Amendment of CHO Directions (No.8) 2022,Restrictions,COVID-19 Directions (No. 57) 2022,,https://health.nt.gov.au/__data/assets/pdf_file/0006/1081725/cho-directions-no14of2022.pdf
13/01/2022 02:33:00 PM,13/01/2022 02:33:00 PM,13/01/2022 02:33:00 PM,13/01/2022 02:33:00 PM,COVID-19 Directions (No. 15) 2022,Approved COVID-19 testing procedure,Other,Post-emergency COVID-19 Directions (No. 3) 2022,,https://health.nt.gov.au/__data/assets/pdf_file/0008/1081727/cho-directions-no15of2022.pdf
13/01/2022 02:09:00 PM,15/06/2022 11:59:00 PM,15/06/2022 11:59:00 PM,13/01/2022 02:09:00 PM,COVID-19 Directions (No. 16) 2022,Directions for reporting of rapid antigen test results,Other,Post-emergency COVID-19 Directions (No. 3) 2022,,https://health.nt.gov.au/__data/assets/pdf_file/0010/1081729/cho-directions-no16of2022.pdf
14/01/2022 01:52:00 PM,14/01/2022 01:52:00 PM,14/01/2022 01:52:00 PM,14/01/2022 01:52:00 PM,COVID-19 Directions (No. 17) 2022,Amendment of Directions (No 10) 2022,Restrictions,COVID-19 Directions (No. 33) 2022,,https://health.nt.gov.au/__data/assets/pdf_file/0005/1081850/cho-directions-no17of2022.pdf
16/01/2022 02:20:00 PM,16/01/2022 02:20:00 PM,16/01/2022 02:20:00 PM,16/01/2022 02:20:00 PM,COVID-19 Directions (No. 18) 2022,Amendment of CHO Directions No.10 2022,Restrictions,COVID-19 Directions (No. 33) 2022,,https://health.nt.gov.au/__data/assets/pdf_file/0007/1081969/CHO-Directions-No-18-of-2022-Amendment-of-CHO-Directions-No.10-2022.pdf
16/01/2022 03:00:00 PM,23/01/2022 03:00:00 PM,30/01/2022 02:00:00 PM,16/01/2022 02:17:00 PM,COVID-19 Directions (No. 19) 2022,Directions to lock out Alice Springs and Amoonguna,Restrictions,COVID-19 Directions (No. 33) 2022,COVID-19 Directions (No. 26) 2022,https://health.nt.gov.au/__data/assets/pdf_file/0008/1081970/CHO-Directions-No-19-of-2022-Directions-to-lock-out-Alice-Springs-and-Amoonguna.pdf
17/01/2022 04:01:00 PM,24/01/2022 02:00:00 PM,30/01/2022 02:00:00 PM,17/01/2022 04:01:00 PM,COVID-19 Directions (No. 20) 2022,Directions to lock down Elcho Island including Galiwinku and Wessel Islands including Martjanba,Lockdown,COVID-19 Directions (No. 33) 2022,COVID-19 Directions (No. 27) 2022,https://health.nt.gov.au/__data/assets/pdf_file/0018/1082205/cho-directions-no20of2022.pdf
17/01/2022 04:00:00 PM,20/01/2022 02:00:00 PM,20/01/2022 02:00:00 PM,17/01/2022 04:00:00 PM,COVID-19 Directions (No. 21) 2022,Directions to lock down Yirrkala,Lockdown,COVID-19 Directions (No. 33) 2022,,https://health.nt.gov.au/__data/assets/pdf_file/0019/1082206/cho-directions-no21of2022.pdf
22/01/2022 02:00:00 PM,29/01/2022 02:00:00 PM,29/01/2022 02:00:00 PM,22/01/2022 01:15:00 PM,COVID-19 Directions (No. 24) 2022,Directions to lock down various localities,Lockdown,COVID-19 Directions (No. 33) 2022,,https://health.nt.gov.au/__data/assets/pdf_file/0020/1083080/cho-directions-no-24-2022-lock-downs-wurrumiyanga-and-gunyangara.pdf
22/01/2022 01:16:00 PM,22/01/2022 01:16:00 PM,22/01/2022 01:16:00 PM,22/01/2022 01:16:00 PM,COVID-19 Directions (No. 23) 2022,Amendment of COVID-19 Directions (No. 10) 2022,Restrictions,COVID-19 Directions (No. 33) 2022,,https://health.nt.gov.au/__data/assets/pdf_file/0006/1083084/covid-19-directions-no.-23-2022-amendment-of-cho-directions-no.10-yuendumu-and-yuelamu-lockout-extension.pdf
22/01/2022 07:22:00 PM,29/01/2022 02:00:00 PM,29/01/2022 02:00:00 PM,22/01/2022 07:22:00 PM,COVID-19 Directions (No. 25) 2022,Directions to lock down Utopia Homelands,Lockdown,COVID-19 Directions (No. 33) 2022,,https://health.nt.gov.au/__data/assets/pdf_file/0006/1083084/covid-19-directions-no.-23-2022-amendment-of-cho-directions-no.10-yuendumu-and-yuelamu-lockout-extension.pdf
23/01/2022 11:31:00 AM,23/01/2022 11:31:00 AM,23/01/2022 11:31:00 AM,23/01/2022 11:31:00 AM,COVID-19 Directions (No. 26) 2022,Amendment of COVID-19 Directions (No. 19) 2022,Restrictions,COVID-19 Directions (No. 33) 2022,,https://health.nt.gov.au/__data/assets/pdf_file/0011/1083098/cho-directions-no-25-2022-directions-to-lock-down-utopia-homelands.pdf
23/01/2022 05:39:00 PM,15/06/2022 11:59:00 PM,30/01/2022 02:00:00 PM,23/01/2022 05:39:00 PM,COVID-19 Directions (No. 22) 2022,Directions for infected persons and close contacts,Other,COVID-19 Directions (No. 54) 2022,"COVID-19 Directions (No. 29) 2022, COVID-19 Directions (No. 42) 2022, COVID-19 Directions (No. 48) 2022",https://health.nt.gov.au/__data/assets/pdf_file/0014/1083110/CHO-Directions-No-26-2022-Amendment-of-CHO-Directions-No.19-2020-Extension-of-lock-out-Alice-Springs-and-Amoonguna.pdf
24/01/2022 12:09:00 PM,24/01/2022 12:09:00 PM,24/01/2022 12:09:00 PM,24/01/2022 12:09:00 PM,COVID-19 Directions (No. 27) 2022,Amendment of COVID-19 Directions No. 20 of 2022,Lockdown,COVID-19 Directions (No. 33) 2022,,https://health.nt.gov.au/__data/assets/pdf_file/0007/1083229/cho-direction27-amendment-of-cho22-2022.pdf
24/01/2022 02:46:00 PM,27/01/2022 02:00:00 PM,30/01/2022 02:00:00 PM,24/01/2022 02:46:00 PM,COVID-19 Directions (No. 28) 2022,Directions to lock down Milikapiti,Lockdown,COVID-19 Directions (No. 33) 2022,COVID-19 Directions (No. 30) 2022,https://health.nt.gov.au/__data/assets/pdf_file/0007/1083238/cho-direction28-of-2022.pdf
25/01/2022 03:04:00 PM,25/01/2022 03:04:00 PM,25/01/2022 03:04:00 PM,25/01/2022 03:04:00 PM,COVID-19 Directions (No. 29) 2022,Amendment of COVID-19 Directions (No.22) 2022,Other,,,https://health.nt.gov.au/__data/assets/pdf_file/0017/1083500/CHO-Directions-No-29-of-2022-Amendment-of-CHO-Directions-No.-22-2022.pdf
27/01/2022 01:19:00 PM,27/01/2022 01:19:00 PM,27/01/2022 01:19:00 PM,27/01/2022 01:19:00 PM,COVID-19 Directions (No. 30) 2022,Amendment of CHO Directions No. 28 of 2022,Lockdown,COVID-19 Directions (No. 33) 2022,,https://health.nt.gov.au/__data/assets/pdf_file/0008/1083653/cho-direction-no.30-2022-amendment-of-cho-directions-no.28-2022.pdf
28/01/2022 02:00:00 PM,30/01/2022 02:00:00 PM,30/01/2022 02:00:00 PM,28/01/2022 01:11:00 PM,COVID-19 Directions (No. 31) 2022,Directions to lock down of Ampilatwatja,Lockdown,COVID-19 Directions (No. 33) 2022,,https://health.nt.gov.au/__data/assets/pdf_file/0008/1083788/cho-direction-no-31-2022-lock-down-ampilatwatja.pdf
29/01/2022 06:00:00 PM,05/02/2022 06:00:00 PM,05/02/2022 06:00:00 PM,29/01/2022 03:53:00 PM,COVID-19 Directions (No. 32) 2022,Directions to wear face masks outdoors in the Territory,Mask Mandate,Post-emergency COVID-19 Directions (No. 1) 2022,,https://health.nt.gov.au/__data/assets/pdf_file/0004/1083883/cho-directions-no-32-2022-directions-wear-face-masks-outdoors-territory.pdf
30/01/2022 02:00:00 PM,15/06/2022 11:59:00 PM,15/06/2022 11:59:00 PM,30/01/2022 01:34:00 PM,COVID-19 Directions (No. 33) 2022,Directions for lock-in areas,Restrictions,Post-emergency COVID-19 Directions (No. 1) 2022,"COVID-19 Directions (No. 34) 2022, COVID-19 Directions (No. 36) 2022, COVID-19 Directions (No. 38) 2022, COVID-19 Directions (No. 39) 2022, COVID-19 Directions (No. 48) 2022",https://health.nt.gov.au/__data/assets/pdf_file/0004/1083910/cho-directions-33-2022-lock-in-areas.pdf
31/01/2022 05:00:00 PM,31/01/2022 05:00:00 PM,31/01/2022 05:00:00 PM,31/01/2022 03:58:00 PM,COVID-19 Directions (No. 34) 2022,"Amendment of COVID 19 Directions No.33, 2022",Restrictions,Post-emergency COVID-19 Directions (No. 1) 2022,,https://health.nt.gov.au/__data/assets/pdf_file/0003/1084026/CHO-Directions-No.-34-of-2022-Amendment-of-COVID-19-Directions-No.33-2022-SIGNED.pdf
01/02/2022 08:00:00 AM,01/02/2022 08:00:00 AM,01/02/2022 08:00:00 AM,31/01/2022 09:06:00 PM,COVID-19 Directions (No. 35) 2022,Amendment of COVID-19 Directions No. 131 if 2021,Border,COVID-19 Directions (No. 43) 2022,COVID-19 Directions (No. 47) 2022,https://health.nt.gov.au/__data/assets/pdf_file/0005/1084046/CHO-Directions-No.-35-of-2022-Amendments-to-Territory-border-restrictions.pdf
01/02/2022 04:55:00 PM,01/02/2022 04:55:00 PM,01/02/2022 04:55:00 PM,01/02/2022 04:55:00 PM,COVID-19 Directions (No. 36) 2022,Amendment to COVID-19 Directions No. 33 of 2022,Restrictions,Post-emergency COVID-19 Directions (No. 1) 2022,,https://health.nt.gov.au/__data/assets/pdf_file/0007/1084174/cho-directions-no-36-of-2022-amendment-to-COVID-19-directions-no-33-of-2022.pdf
03/02/2022 03:45:00 PM,15/06/2022 11:59:00 PM,18/02/2022 04:42:00 PM,03/02/2022 03:45:00 PM,COVID-19 Directions (No. 37) 2022,Directions for Maritime Crew,Other,COVID-19 Directions (No. 43) 2022,,https://health.nt.gov.au/__data/assets/pdf_file/0004/1084477/CHO-Directions-No-37-of-2022-Directions-for-maritime-crew.pdf
03/02/2022 04:07:00 PM,03/02/2022 04:07:00 PM,03/02/2022 04:07:00 PM,03/02/2022 04:07:00 PM,COVID-19 Directions (No. 38) 2022,Revocation of CHO Directions 132 of 2021 and Amendment of CHO Directions 131 of 2021 and 33 of 2022,Other,Post-emergency COVID-19 Directions (No. 1) 2022,,https://health.nt.gov.au/__data/assets/pdf_file/0007/1084480/CHO-Directions-No-38-of-2022-Revocation-of-CHO-Directions-132-of-2021-and-Amendment-of-CHO-Directions-131-of-2021-and-33-of-2021.pdf
04/02/2022 02:23:00 PM,04/02/2022 02:23:00 PM,04/02/2022 02:23:00 PM,04/02/2022 02:23:00 PM,COVID-19 Directions (No. 39) 2022,Amendment of COVID-19 Directions (No.33) 2022,Restrictions,Post-emergency COVID-19 Directions (No. 1) 2022,,https://health.nt.gov.au/__data/assets/pdf_file/0003/1084665/CHO-Directions-No-39-of-2022-Amendment-of-COVID-19-Directions-No.33-2022.pdf
12/02/2022 03:35:00 AM,15/06/2022 11:59:00 PM,15/06/2022 11:59:00 PM,12/02/2022 03:35:00 AM,COVID-19 Directions (No. 40) 2022,Cruise vessels,Other,Post-emergency COVID-19 Directions (No. 6) 2022,COVID-19 Directions (No. 43) 2022,https://health.nt.gov.au/__data/assets/pdf_file/0011/1087868/cho-directions-no-40-of-2022-cruise-vessels.pdf
11/03/2022 12:01:00 AM,15/06/2022 11:59:00 PM,15/06/2022 11:59:00 PM,15/02/2022 09:10:00 AM,COVID-19 Directions (No. 41) 2022,Directions for high risk places,Other,Post-emergency COVID-19 Directions (No. 1) 2022,,https://health.nt.gov.au/__data/assets/pdf_file/0006/1088196/cho-directions-no-41-of-2022-directions-for-high-risk-places.pdf
18/02/2022 04:15:00 PM,18/02/2022 04:15:00 PM,18/02/2022 04:15:00 PM,18/02/2022 04:15:00 PM,COVID-19 Directions (No. 42) 2022,Amendment of COVID-19 Directions (No.22) 2022,Other,COVID-19 Directions (No. 54) 2022,,https://health.nt.gov.au/__data/assets/pdf_file/0009/1089288/CHO-Directions-No-42-of-2022-Amendment-of-COVID-19-Directions-No.22-2022.pdf
18/02/2022 04:42:00 PM,18/02/2022 04:42:00 PM,18/02/2022 04:42:00 PM,18/02/2022 04:42:00 PM,COVID-19 Directions (No. 43) 2022,Revocation of border directions,Border,,"COVID-19 Directions (No. 44) 2022, COVID-19 Directions (No. 45) 2022",https://health.nt.gov.au/__data/assets/pdf_file/0009/1089297/CHO-Directions-43-of-2022-Revocation-of-border-directions.pdf
23/02/2022 02:18:00 PM,23/02/2022 02:18:00 PM,23/02/2022 02:18:00 PM,23/02/2022 02:18:00 PM,COVID-19 Directions (No. 44) 2022,CHO Amendment to COVID-19 Directions (No.43) 2022,Border,,,https://health.nt.gov.au/__data/assets/pdf_file/0008/1090169/cho-directions44-of-2022.pdf
01/03/2022 12:01:00 AM,23/02/2022 05:07:00 PM,23/02/2022 05:07:00 PM,23/02/2022 05:07:00 PM,COVID-19 Directions (No. 45) 2022,COVID-19 Amendment to COVID-19 Directions (No. 43) 2022,Border,,,https://health.nt.gov.au/__data/assets/pdf_file/0018/1090170/cho-directions45-of-2022.pdf
04/03/2022 09:45:00 AM,04/03/2022 09:45:00 AM,04/03/2022 09:45:00 AM,,COVID-19 Directions (No. 46) 2022,(Never Published),Other,COVID-19 Directions (No. 47) 2022,,
04/03/2022 09:45:00 AM,04/03/2022 09:45:00 AM,04/03/2022 09:45:00 AM,04/03/2022 09:45:00 AM,COVID-19 Directions (No. 47) 2022,Amendment of CHO Directions No.35 of 2021 and revocation of CHO Directions No.46 of 2022,Border,Post-emergency COVID-19 Directions (No. 1) 2022,,https://health.nt.gov.au/__data/assets/pdf_file/0008/1091942/cho-direction-nr47-2022.pdf
04/03/2022 09:28:00 AM,04/03/2022 09:28:00 AM,04/03/2022 09:28:00 AM,04/03/2022 09:28:00 AM,COVID-19 Directions (No. 48) 2022,"Amendment to CHO Directions No.3 of 2022, No.22 of 2022 and No.33 of 2022",Restrictions,Post-emergency COVID-19 Directions (No. 1) 2022,,https://health.nt.gov.au/__data/assets/pdf_file/0010/1091944/cho-direction-no48-2022.pdf
07/03/2022 12:01:00 AM,15/06/2022 11:59:00 PM,24/03/2022 06:15:00 PM,04/03/2022 07:50:00 PM,COVID-19 Directions (No. 49) 2022,Directions to wear face masks,Mask Mandate,"COVID-19 Directions (No. 54) 2022, Post-emergency COVID-19 Directions (No. 4) 2022",COVID-19 Directions (No. 50) 2022,https://health.nt.gov.au/__data/assets/pdf_file/0011/1092089/cho-direction-no49-2022.pdf
11/03/2022 12:01:00 AM,11/03/2022 12:01:00 AM,11/03/2022 12:01:00 AM,10/03/2022 04:52:00 PM,COVID-19 Directions (No. 50) 2022,Amendment of COVID-19 Directions (No.49) 2022,Mask Mandate,Post-emergency COVID-19 Directions (No. 4) 2022,,https://health.nt.gov.au/__data/assets/pdf_file/0007/1093057/CHO-Directions-No-50-of-2022-Amendment-of-COVID-19-Directions-No.49-2022.pdf
11/03/2022 06:22:00 PM,11/03/2022 06:22:00 PM,11/03/2022 06:22:00 PM,11/03/2022 06:22:00 PM,COVID-19 Directions (No. 51) 2022,Amendment of COVID-19 Directions (No.53) 2021,Other,Post-emergency COVID-19 Directions (No. 1) 2022,,https://health.nt.gov.au/__data/assets/pdf_file/0011/1093268/cho-directions-no.51-2022-amendment-of-covid-19-directions-no.53-2021.pdf
22/04/2022 12:01:00 AM,15/06/2022 11:59:00 PM,15/06/2022 11:59:00 PM,13/03/2022 06:13:00 PM,COVID-19 Directions (No. 52) 2022,Directions for additional vaccination requirements for certain workers to attend the workplace,Restrictions,Post-emergency COVID-19 Directions (No. 1) 2022,COVID-19 Directions (No. 60) 2022,https://health.nt.gov.au/__data/assets/pdf_file/0003/1093449/cho-directions-no-52-of-2022-directions-for-additional-vaccination-requirements-for-certain-workers-to-attend-the-workplace-signed.pdf
22/04/2022 12:01:00 AM,22/04/2022 12:01:00 AM,22/04/2022 12:01:00 AM,24/03/2022 05:20:00 PM,COVID-19 Directions (No. 53) 2022,Revocation of COVID-19 Directions No.55 of 2021,Restrictions,Post-emergency COVID-19 Directions (No. 1) 2022,,https://health.nt.gov.au/__data/assets/pdf_file/0004/1095493/cho-directions-no.-53-of-2022-revocation-of-covid-19-directions-no-55-of-2021.pdf
24/03/2022 06:15:00 PM,15/06/2022 11:59:00 PM,29/04/2022 03:36:00 PM,24/03/2022 06:15:00 PM,COVID-19 Directions (No. 54) 2022,Directions for infected persons and close contacts,Other,COVID-19 Directions (No. 61) 2022,COVID-19 Directions (No. 59) 2022,https://health.nt.gov.au/__data/assets/pdf_file/0008/1095506/cho-directions-no.-54-of-2022-directions-for-infected-persons-and-close-contacts.pdf
30/03/2022 08:21:00 AM,30/03/2022 08:21:00 AM,30/03/2022 08:21:00 AM,30/03/2022 08:21:00 AM,COVID-19 Directions (No. 55) 2022,Amendment of CHO Directions No.8 2022 vaccine pass,Restrictions,COVID-19 Directions (No. 57) 2022,,https://health.nt.gov.au/__data/assets/pdf_file/0007/1096234/cho-directions-no.55-2022-amendment-of-cho-directions-no.8-2022-vaccine-pass.pdf
31/03/2022 08:41:00 AM,15/06/2022 11:59:00 PM,15/06/2022 11:59:00 PM,31/03/2022 08:41:00 AM,COVID-19 Directions (No. 56) 2022,Major public events,Other,Post-emergency COVID-19 Directions (No. 1) 2022,,https://health.nt.gov.au/__data/assets/pdf_file/0010/1096804/cho-directions-no-56-of-2022-major-public-events.pdf
05/04/2022 07:45:00 AM,05/04/2022 07:45:00 AM,05/04/2022 07:45:00 AM,05/04/2022 07:45:00 AM,COVID-19 Directions (No. 57) 2022,Removal of vaccine pass,Restrictions,Post-emergency COVID-19 Directions (No. 1) 2022,COVID-19 Directions (No. 59) 2022,https://health.nt.gov.au/__data/assets/pdf_file/0010/1097497/cho-directions-no.57-2022-revocation-of-cho-directions-no.8-2021-removal-of-vaccine-pass.pdf
12/04/2022 06:08:00 PM,12/04/2022 06:08:00 PM,12/04/2022 06:08:00 PM,12/04/2022 06:08:00 PM,COVID-19 Directions (No. 59) 2022,Amendment of CHO Directions No. 54 of 2022 and No.57 of 2022,Restrictions,Post-emergency COVID-19 Directions (No. 1) 2022,,https://health.nt.gov.au/__data/assets/pdf_file/0008/1098989/cho-directions-no.59-2022-amendment-of-cho-directions-no.54-2022-and-no.57-2022.pdf
20/04/2022 10:04:00 AM,20/04/2022 10:04:00 AM,20/04/2022 10:04:00 AM,20/04/2022 10:04:00 AM,COVID-19 Directions (No. 58) 2022,Amendment of COVID-19 Directions No. 141 of 2021,Aged Care,Post-emergency COVID-19 Directions (No. 1) 2022,,https://health.nt.gov.au/__data/assets/pdf_file/0010/1099729/cho-directions-no.58-2022-amendment-of-cho-directions-no.-141-2021-aged-care.pdf
21/04/2022 02:00:00 PM,21/04/2022 02:00:00 PM,21/04/2022 02:00:00 PM,21/04/2022 02:00:00 PM,COVID-19 Directions (No. 60) 2022,Amendment of COVID-19 Directions No. 52 of 2022,Restrictions,Post-emergency COVID-19 Directions (No. 1) 2022,,https://health.nt.gov.au/__data/assets/pdf_file/0008/1100114/cho-directions-no-60-2022-amendment-of-cho-directions-no-52-2022.pdf
29/04/2022 03:36:00 PM,15/06/2022 11:59:00 PM,15/06/2022 11:59:00 PM,29/04/2022 03:36:00 PM,COVID-19 Directions (No. 61) 2022,Directions for infected persons and close contacts,Other,Post-emergency COVID-19 Directions (No. 5) 2022,COVID-19 Directions (No. 62) 2022,https://health.nt.gov.au/__data/assets/pdf_file/0017/1101518/cho-directions-no.-61-2022-directions-for-infected-persons-and-close-contacts.pdf
06/05/2022 01:32:00 PM,06/05/2022 01:32:00 PM,06/05/2022 01:32:00 PM,06/05/2022 01:32:00 PM,COVID-19 Directions (No. 62) 2022,Amendment to COVID-19 Directions No. 61 of 2022,Other,Post-emergency COVID-19 Directions (No. 5) 2022,,https://health.nt.gov.au/__data/assets/pdf_file/0019/1102834/cho-directions-no.62-2022-amendment-to-covid-19-directions-no.61-2022.pdf
15/06/2022 11:59:00 PM,15/06/2022 04:38:00 PM,15/06/2022 04:38:00 PM,15/06/2022 04:38:00 PM,Post-emergency COVID-19 Directions (No. 1) 2022,Revocation of various directions,Other,,,https://health.nt.gov.au/__data/assets/pdf_file/0003/1114536/post-emergency-cho-directions-1-revocation-various-directions.pdf
16/06/2022 12:01:00 AM,15/06/2024 11:59:00 PM,13/10/2022 11:59:00 PM,15/06/2022 04:37:00 PM,Post-emergency COVID-19 Directions (No. 2) 2022,Police assistance,Other,Post-emergency COVID-19 Directions (No. 13) 2022,,https://health.nt.gov.au/__data/assets/pdf_file/0018/1114524/post-emergency-cho-directions-2-assistance-police-officer.pdf
16/06/2022 12:01:00 AM,15/06/2024 11:59:00 PM,10/11/2022 11:59:00 PM,15/06/2022 04:36:00 PM,Post-emergency COVID-19 Directions (No. 3) 2022,Testing (reporting RAT results),Other,Post-emergency COVID-19 Directions (No. 13) 2022,,https://health.nt.gov.au/__data/assets/pdf_file/0019/1114525/post-emergency-cho-directions-3-covid-19-testing.pdf
16/06/2022 12:01:00 AM,15/06/2024 11:59:00 PM,15/07/2022 05:58:00 PM,15/06/2022 04:35:00 PM,Post-emergency COVID-19 Directions (No. 4) 2022,Face Masks,Mask Mandate,Post-emergency COVID-19 Directions (No. 7) 2022,,https://health.nt.gov.au/__data/assets/pdf_file/0020/1114526/post-emergency-cho-directions-4-face-masks.pdf
16/06/2022 12:01:00 AM,15/06/2024 11:59:00 PM,15/07/2022 05:57:00 PM,15/06/2022 04:33:00 PM,Post-emergency COVID-19 Directions (No. 5) 2022,Infected persons and close contacts,Other,Post-emergency COVID-19 Directions (No. 8) 2022,,https://health.nt.gov.au/__data/assets/pdf_file/0017/1114523/post-emergency-cho-directions-5-infected-persons-close-contacts.pdf
24/06/2022 05:18:00 PM,15/06/2024 11:59:00 PM,13/10/2022 11:59:00 PM,24/06/2022 05:18:00 PM,Post-emergency COVID-19 Directions (No. 6) 2022,Cruise Vessels,Other,Post-emergency COVID-19 Directions (No. 13) 2022,,https://health.nt.gov.au/__data/assets/pdf_file/0008/1116665/cho-directions-no-6-2022-cruise-vessels.pdf
15/07/2022 05:58:00 PM,15/06/2024 11:59:00 PM,08/09/2022 11:59:00 PM,15/07/2022 05:58:00 PM,Post-emergency COVID-19 Directions (No. 7) 2022,Face Masks,Mask Mandate,Post-emergency COVID-19 Directions (No. 9) 2022,,https://health.nt.gov.au/__data/assets/pdf_file/0012/1121061/post-emergency-cho-directions-no7-2022-face-masks.pdf
15/07/2022 05:57:00 PM,15/06/2024 11:59:00 PM,08/09/2022 11:59:00 PM,15/07/2022 05:57:00 PM,Post-emergency COVID-19 Directions (No. 8) 2022,Infected persons and close contacts,Other,"Post-emergency COVID-19 Directions (No. 10) 2022, Post-emergency COVID-19 Directions (No. 11) 2022",,https://health.nt.gov.au/__data/assets/pdf_file/0014/1121063/post-emergency-cho-directions-no8-2022-positive-close-contacts.pdf
08/09/2022 11:59:00 PM,15/06/2024 11:59:00 PM,10/11/2022 11:59:00 PM,05/09/2022 12:41:00 PM,Post-emergency COVID-19 Directions (No. 9) 2022,Face Masks,Mask Mandate,Post-emergency COVID-19 Directions (No. 13) 2022,,https://health.nt.gov.au/__data/assets/pdf_file/0008/1136978/post-emergency-cho-directions-no9-2022-face-masks.pdf
08/09/2022 11:59:00 PM,15/06/2024 11:59:00 PM,08/09/2022 11:59:00 PM,05/09/2022 12:42:00 PM,Post-emergency COVID-19 Directions (No. 10) 2022,Infected persons and close contacts,Other,Post-emergency COVID-19 Directions (No. 11) 2022,,https://health.nt.gov.au/__data/assets/pdf_file/0011/1136981/post-emergency-cho-direction-no10-2022-infected-closecontacts.pdf
08/09/2022 11:59:00 PM,15/06/2024 11:59:00 PM,12/09/2022 04:19:59 PM,08/09/2022 05:28:00 PM,Post-emergency COVID-19 Directions (No. 11) 2022,Infected persons and close contacts,Other,Post-emergency COVID-19 Directions (No. 12) 2022,,https://health.nt.gov.au/__data/assets/pdf_file/0005/1136984/post-emergency-cho-direction-no11-2022-infected-closecontacts.pdf
12/09/2022 04:19:59 PM,15/06/2024 11:59:00 PM,13/10/2022 11:59:00 PM,12/09/2022 04:19:59 PM,Post-emergency COVID-19 Directions (No. 12) 2022,Infected persons and close contacts,Other,Post-emergency COVID-19 Directions (No. 13) 2022,,https://health.nt.gov.au/__data/assets/pdf_file/0004/1137370/post-emergency-cho-directions-no12-2022infected-people-close-contacts.pdf
13/10/2022 11:59:00 PM,13/10/2022 11:59:00 PM,13/10/2022 11:59:00 PM,13/10/2022 03:13:00 PM,Post-emergency COVID-19 Directions (No. 13) 2022,Revocation of various directions,Other,,,https://health.nt.gov.au/__data/assets/pdf_file/0009/1154934/post-emergency-cho-directions-no.13-2022-revocation-of-various-directions.pdf
